-- =====================================================
-- SCRIPT EM LARGA ESCALA PARA O BANCO FCARDB
-- ESTRUTURA COERENTE E TOTALMENTE POPULADA
-- RESUMO: 10 UNIDADES | 320 CLIENTES | 80 FUNCIONÁRIOS
--         10 MECÂNICOS | 400 VEÍCULOS | 160 VISTORIAS | 180 LOCAÇÕES
-- =====================================================

BEGIN;

-- 1. INSERINDO UNIDADES (10)
INSERT INTO fcardb.unidade (id_unidade, telefone_unidade, numero_endereco, cep_endereco, rua_endereco) VALUES
(1, '(11) 91111-1111', '100', '01001000', 'Avenida Paulista'),
(2, '(21) 92222-2222', '250', '20040000', 'Avenida Rio Branco'),
(3, '(31) 93333-3333', '50', '30140010', 'Rua Bahia'),
(4, '(41) 94444-4444', '12', '80010000', 'Rua XV de Novembro'),
(5, '(51) 95555-5555', '300', '90010000', 'Avenida dos Estados'),
(6, '(61) 96666-6666', '40', '70040000', 'Via S1'),
(7, '(71) 97777-7777', '77', '40015000', 'Avenida Sete de Setembro'),
(8, '(81) 98888-8888', '850', '50010000', 'Avenida Agamenon Magalhaes'),
(9, '(85) 99999-9999', '99', '60010000', 'Avenida Santos Dumont'),
(10, '(92) 98111-2222', '10', '69005000', 'Avenida Eduardo Ribeiro');

ALTER SEQUENCE fcardb.unidade_id_unidade_seq RESTART WITH 11;

-- 2. INSERINDO CLIENTES (300+)
INSERT INTO fcardb.clientes (cpf_cliente, nome_cliente, email_cliente, num_endereco_cliente, cep_endereco_cliente, rua_endereco_cliente) VALUES
('25631219101', 'Daniel Peixoto Araujo', 'danielpeixotoar@exemplo.com', '458', '30140010', 'Rua Gerada 95'),
('20932266036', 'Clara Paiva Souza', 'clarapaivasouza@exemplo.com', '62', '20040000', 'Rua Gerada 28'),
('79718747672', 'Ester Santos Palito', 'estersantospali@exemplo.com', '408', '60010000', 'Rua Gerada 54'),
('71076327392', 'Clara Peixoto Silva', 'clarapeixotosil@exemplo.com', '1555', '30140010', 'Rua Gerada 90'),
('54764787985', 'Luiz Melo Marques', 'luizmelomarques@exemplo.com', '1961', '70040000', 'Rua Gerada 14'),
('61937947921', 'Lucas Assis Guedes', 'lucasassisguede@exemplo.com', '1237', '90010000', 'Rua Gerada 6'),
('73263716304', 'Patricia Rocha Fonseca', 'patriciarochafo@exemplo.com', '162', '60010000', 'Rua Gerada 38'),
('99461611826', 'Iara Campos Carosella', 'iaracamposcaros@exemplo.com', '394', '20040000', 'Rua Gerada 6'),
('42904875417', 'Vanessa Cruz Alves', 'vanessacruzalve@exemplo.com', '1752', '80010000', 'Rua Gerada 13'),
('45992368087', 'Helena Campos Ferreira', 'helenacamposfer@exemplo.com', '759', '70040000', 'Rua Gerada 27'),
('47238118820', 'Viviane Nascimento Magnani', 'vivianenascimen@exemplo.com', '1301', '30140010', 'Rua Gerada 69'),
('43196346836', 'Samuel Gloss Fonseca', 'samuelglossfons@exemplo.com', '553', '60010000', 'Rua Gerada 29'),
('55890068783', 'Vanessa Pereira Freitas', 'vanessapereiraf@exemplo.com', '1684', '01001000', 'Rua Gerada 41'),
('46082728027', 'Heitor Marques Ricardo', 'heitormarquesri@exemplo.com', '1795', '70040000', 'Rua Gerada 28'),
('77239597077', 'Amanda Bruni Cardoso', 'amandabrunicard@exemplo.com', '543', '30140010', 'Rua Gerada 32'),
('86214147353', 'Patricia Morais Aragao', 'patriciamoraisa@exemplo.com', '878', '69005000', 'Rua Gerada 52'),
('41619533975', 'Otavio Chris Brother', 'otaviochrisbrot@exemplo.com', '187', '01001000', 'Rua Gerada 15'),
('96555794399', 'Samuel Paiva Meira', 'samuelpaivameir@exemplo.com', '131', '40015000', 'Rua Gerada 49'),
('80729735682', 'Ian Dill Costa', 'iandillcosta@exemplo.com', '1394', '20040000', 'Rua Gerada 88'),
('86814581501', 'Juliana Nunes Lopes', 'juliananuneslop@exemplo.com', '229', '90010000', 'Rua Gerada 56'),
('70808824522', 'Adriano Morais Paschoal', 'adrianomoraispa@exemplo.com', '1561', '30140010', 'Rua Gerada 65'),
('26804608623', 'Janaína Miranda Paschoal', 'janaínamirandap@exemplo.com', '1248', '80010000', 'Rua Gerada 20'),
('83708291861', 'Bruna Inacio Silva', 'brunainaciosilv@exemplo.com', '1227', '70040000', 'Rua Gerada 63'),
('22968553858', 'Alexandre Farias Ramos', 'alexandrefarias@exemplo.com', '119', '80010000', 'Rua Gerada 73'),
('22657051510', 'João Siqueira Lima', 'joãosiqueiralim@exemplo.com', '1558', '60010000', 'Rua Gerada 99'),
('27720006480', 'Natalia Perisse Dill', 'nataliaperissed@exemplo.com', '339', '90010000', 'Rua Gerada 68'),
('95351450010', 'Elisa Marques Benicio', 'elisamarquesben@exemplo.com', '1547', '80010000', 'Rua Gerada 92'),
('62878418842', 'Olivia Pires Sayao', 'oliviapiressaya@exemplo.com', '1843', '60010000', 'Rua Gerada 58'),
('40584480151', 'Erick Lima Lopes', 'ericklimalopes@exemplo.com', '44', '69005000', 'Rua Gerada 71'),
('88297746579', 'Erick Silva Nascimento', 'ericksilvanasci@exemplo.com', '1450', '01001000', 'Rua Gerada 30'),
('20009114172', 'Manuela Ramos Peixoto', 'manuelaramospei@exemplo.com', '1371', '50010000', 'Rua Gerada 28'),
('29495861299', 'Bárbara Carosella Perisse', 'bárbaracarosell@exemplo.com', '498', '50010000', 'Rua Gerada 53'),
('23702706271', 'Lucas Massa Assis', 'lucasmassaassis@exemplo.com', '868', '40015000', 'Rua Gerada 60'),
('25660222785', 'Gustavo Borges Lopes', 'gustavoborgeslo@exemplo.com', '1640', '20040000', 'Rua Gerada 32'),
('36592676864', 'Patricia Boulos Castro', 'patriciaboulosc@exemplo.com', '865', '30140010', 'Rua Gerada 36'),
('42051743509', 'Igor Sayao Dill', 'igorsayaodill@exemplo.com', '201', '01001000', 'Rua Gerada 84'),
('87306329557', 'Bruno Carvalho Ramos', 'brunocarvalhora@exemplo.com', '341', '40015000', 'Rua Gerada 63'),
('37837222462', 'Beatriz Pereira Teixeira', 'beatrizpereirat@exemplo.com', '777', '01001000', 'Rua Gerada 50'),
('50608951738', 'Elisa Palito Siqueira', 'elisapalitosiqu@exemplo.com', '318', '80010000', 'Rua Gerada 38'),
('87560595158', 'Priscila Benicio Pereira', 'priscilabenicio@exemplo.com', '1532', '70040000', 'Rua Gerada 8'),
('87524771010', 'Jessica Paschoal Inacio', 'jessicapaschoal@exemplo.com', '323', '01001000', 'Rua Gerada 66'),
('19388046742', 'Diana Lima Ramos', 'dianalimaramos@exemplo.com', '827', '20040000', 'Rua Gerada 73'),
('88366898196', 'Diana Rodrigues Meneghel', 'dianarodriguesm@exemplo.com', '168', '40015000', 'Rua Gerada 85'),
('89816264716', 'Nicole Viana Morais', 'nicolevianamora@exemplo.com', '419', '70040000', 'Rua Gerada 31'),
('62680413201', 'Nicolas Miranda Bruni', 'nicolasmirandab@exemplo.com', '648', '20040000', 'Rua Gerada 2'),
('93572699943', 'Valentina Ribeiro Nascimento', 'valentinaribeir@exemplo.com', '1102', '80010000', 'Rua Gerada 65'),
('28318896303', 'Wagner Lima Araujo', 'wagnerlimaarauj@exemplo.com', '757', '90010000', 'Rua Gerada 21'),
('92903679846', 'Mirella Inacio Costa', 'mirellainacioco@exemplo.com', '1368', '60010000', 'Rua Gerada 39'),
('30951395781', 'Jonas Gomes Martins', 'jonasgomesmarti@exemplo.com', '1521', '60010000', 'Rua Gerada 20'),
('49824432345', 'Ester Vieira Lopes', 'estervieiralope@exemplo.com', '417', '90010000', 'Rua Gerada 65'),
('46457966688', 'Gabriel Carvalho Paiva', 'gabrielcarvalho@exemplo.com', '1699', '90010000', 'Rua Gerada 6'),
('52964901582', 'Vanessa Barbosa Morais', 'vanessabarbosam@exemplo.com', '331', '50010000', 'Rua Gerada 71'),
('68865393468', 'Tais Costa Gomes', 'taiscostagomes@exemplo.com', '155', '30140010', 'Rua Gerada 70'),
('88895181912', 'Sofia Cardoso Massa', 'sofiacardosomas@exemplo.com', '262', '01001000', 'Rua Gerada 40'),
('37306582726', 'Roberta Araujo Martins', 'robertaaraujoma@exemplo.com', '725', '60010000', 'Rua Gerada 53'),
('95786976772', 'Débora Melo Ramos', 'déborameloramos@exemplo.com', '1771', '30140010', 'Rua Gerada 23'),
('69620228624', 'Daniel Pinto Rezende', 'danielpintoreze@exemplo.com', '1603', '40015000', 'Rua Gerada 86'),
('43546912874', 'Kevin Ferreira Martins', 'kevinferreirama@exemplo.com', '784', '01001000', 'Rua Gerada 61'),
('36725149313', 'Helena Guedes Farias', 'helenaguedesfar@exemplo.com', '1681', '80010000', 'Rua Gerada 29'),
('62369093687', 'Tarcisio Peixoto Lima', 'tarcisiopeixoto@exemplo.com', '1981', '90010000', 'Rua Gerada 45'),
('81474619829', 'Beatriz Piovani Rezende', 'beatrizpiovanir@exemplo.com', '1924', '01001000', 'Rua Gerada 15'),
('32596747212', 'Alice Morais Souza', 'alicemoraissouz@exemplo.com', '223', '69005000', 'Rua Gerada 56'),
('56327356259', 'Fernanda Magnani Chris', 'fernandamagnani@exemplo.com', '237', '40015000', 'Rua Gerada 74'),
('45176120493', 'Fernando Massa Silva', 'fernandomassasi@exemplo.com', '1065', '60010000', 'Rua Gerada 88'),
('38650131267', 'Alexandre Massa Lima', 'alexandremassal@exemplo.com', '1944', '70040000', 'Rua Gerada 80'),
('26527099795', 'Bárbara Miranda Paschoal', 'bárbaramirandap@exemplo.com', '634', '40015000', 'Rua Gerada 42'),
('84284273440', 'Nicolas Correa Frota', 'nicolascorreafr@exemplo.com', '1362', '40015000', 'Rua Gerada 87'),
('92351820356', 'Valentina Miranda Borges', 'valentinamirand@exemplo.com', '1123', '01001000', 'Rua Gerada 39'),
('37002088812', 'Fernanda Aragao Magnani', 'fernandaaragaom@exemplo.com', '1341', '70040000', 'Rua Gerada 60'),
('72026998628', 'Paola Marques Chris', 'paolamarqueschr@exemplo.com', '970', '30140010', 'Rua Gerada 85'),
('49018899720', 'Manuela Meneghel Rezende', 'manuelameneghel@exemplo.com', '192', '80010000', 'Rua Gerada 87'),
('41398012517', 'Arthur Cardoso Santos', 'arthurcardososa@exemplo.com', '95', '80010000', 'Rua Gerada 61'),
('21890571177', 'Helena Frota Pagodinho', 'helenafrotapago@exemplo.com', '1179', '80010000', 'Rua Gerada 92'),
('64530426279', 'Leticia Borges Araujo', 'leticiaborgesar@exemplo.com', '303', '01001000', 'Rua Gerada 97'),
('26687945993', 'Bruna Paiva Cunha', 'brunapaivacunha@exemplo.com', '361', '60010000', 'Rua Gerada 60'),
('83230130340', 'Hugo Rocha Bruni', 'hugorochabruni@exemplo.com', '274', '50010000', 'Rua Gerada 86'),
('94004944472', 'Renato Sayao Moura', 'renatosayaomour@exemplo.com', '1670', '60010000', 'Rua Gerada 55'),
('72482634267', 'Samuel Perisse Boulos', 'samuelperissebo@exemplo.com', '531', '80010000', 'Rua Gerada 82'),
('82059564729', 'Larissa Pagodinho Ramos', 'larissapagodinh@exemplo.com', '563', '50010000', 'Rua Gerada 10'),
('51719357531', 'Guilherme Nunes Rezende', 'guilhermenunesr@exemplo.com', '655', '60010000', 'Rua Gerada 11'),
('27774181255', 'Felipe Meireles Melo', 'felipemeirelesm@exemplo.com', '1447', '80010000', 'Rua Gerada 9'),
('67616418900', 'Tarcisio Benicio Gloss', 'tarcisiobenicio@exemplo.com', '852', '01001000', 'Rua Gerada 27'),
('69411815182', 'Ricardo Aragao Oliveira', 'ricardoaragaool@exemplo.com', '1755', '69005000', 'Rua Gerada 49'),
('12048612358', 'Zeca Miranda Meireles', 'zecamirandameir@exemplo.com', '1748', '40015000', 'Rua Gerada 69'),
('75371715916', 'Erick Nunes Massa', 'ericknunesmassa@exemplo.com', '995', '01001000', 'Rua Gerada 50'),
('85687017337', 'Daniel Sales Sato', 'danielsalessato@exemplo.com', '1156', '01001000', 'Rua Gerada 11'),
('68595163582', 'Otavio Gloss Cavalcanti', 'otavioglosscava@exemplo.com', '103', '90010000', 'Rua Gerada 49'),
('37175772776', 'Helena Guimarães Lopes', 'helenaguimarães@exemplo.com', '1559', '40015000', 'Rua Gerada 36'),
('69407662450', 'Ian Alves Perisse', 'ianalvesperisse@exemplo.com', '40', '60010000', 'Rua Gerada 7'),
('41567839299', 'Mirella Lima Rodrigues', 'mirellalimarodr@exemplo.com', '1545', '01001000', 'Rua Gerada 32'),
('91691910134', 'Rafael Ramos Barbosa', 'rafaelramosbarb@exemplo.com', '970', '20040000', 'Rua Gerada 73'),
('39840389209', 'Isabela Mendes Pires', 'isabelamendespi@exemplo.com', '344', '69005000', 'Rua Gerada 78'),
('25970222716', 'Bruna Ferreira Farias', 'brunaferreirafa@exemplo.com', '222', '69005000', 'Rua Gerada 4'),
('52644245686', 'Yasmin Fonseca Sales', 'yasminfonsecasa@exemplo.com', '1929', '80010000', 'Rua Gerada 10'),
('99466623911', 'Hugo Martins Miranda', 'hugomartinsmira@exemplo.com', '1742', '69005000', 'Rua Gerada 16'),
('57421030846', 'Patricia Paiva Pires', 'patriciapaivapi@exemplo.com', '142', '60010000', 'Rua Gerada 83'),
('11465576748', 'Daniela Siqueira Martins', 'danielasiqueira@exemplo.com', '888', '70040000', 'Rua Gerada 82'),
('66491666830', 'Vitor Bacchi Nunes', 'vitorbacchinune@exemplo.com', '1262', '60010000', 'Rua Gerada 100'),
('72206148127', 'Fernanda Sato Nunes', 'fernandasatonun@exemplo.com', '661', '80010000', 'Rua Gerada 12'),
('42000950925', 'Juliana Gloss Ricardo', 'julianaglossric@exemplo.com', '1250', '40015000', 'Rua Gerada 44'),
('74547774977', 'Silvio Cavalcanti Siqueira', 'silviocavalcant@exemplo.com', '435', '70040000', 'Rua Gerada 34'),
('45821482566', 'Diana Peixoto Palito', 'dianapeixotopal@exemplo.com', '21', '60010000', 'Rua Gerada 25'),
('40432475943', 'Bárbara Antunes Siqueira', 'bárbaraantuness@exemplo.com', '1138', '80010000', 'Rua Gerada 89'),
('97944150250', 'Letícia Siqueira Boulos', 'letíciasiqueira@exemplo.com', '1624', '01001000', 'Rua Gerada 12'),
('41328503269', 'Beatriz Araujo Farias', 'beatrizaraujofa@exemplo.com', '1360', '69005000', 'Rua Gerada 48'),
('85047082355', 'Olívia Guedes Paiva', 'olíviaguedespai@exemplo.com', '1528', '60010000', 'Rua Gerada 43'),
('46308559446', 'Paulo Mendes Freitas', 'paulomendesfrei@exemplo.com', '248', '80010000', 'Rua Gerada 41'),
('36565016314', 'Danilo Somer Peixoto', 'danilosomerpeix@exemplo.com', '1484', '69005000', 'Rua Gerada 98'),
('93857676819', 'Murilo Ribeiro Correa', 'muriloribeiroco@exemplo.com', '607', '80010000', 'Rua Gerada 47'),
('49425401235', 'Bruno Piovani Barbosa', 'brunopiovanibar@exemplo.com', '562', '01001000', 'Rua Gerada 7'),
('51031364324', 'Viviane Barbosa Siqueira', 'vivianebarbosas@exemplo.com', '211', '01001000', 'Rua Gerada 74'),
('75645737553', 'Jessica Sayao Lopes', 'jessicasayaolop@exemplo.com', '378', '01001000', 'Rua Gerada 33'),
('24936733140', 'Heitor Borges Siqueira', 'heitorborgessiq@exemplo.com', '152', '69005000', 'Rua Gerada 81'),
('17243251994', 'Rafael Melo Ricardo', 'rafaelmeloricar@exemplo.com', '1944', '90010000', 'Rua Gerada 11'),
('44333616916', 'Matheus Palito Frota', 'matheuspalitofr@exemplo.com', '1242', '69005000', 'Rua Gerada 80'),
('63784039499', 'Giovanna Sayao Miranda', 'giovannasayaomi@exemplo.com', '1762', '69005000', 'Rua Gerada 55'),
('88621009477', 'Iara Pereira Moura', 'iarapereiramour@exemplo.com', '1967', '20040000', 'Rua Gerada 98'),
('96791788173', 'Danilo Morais Alves', 'danilomoraisalv@exemplo.com', '322', '80010000', 'Rua Gerada 23'),
('20960723239', 'Samuel Silva Antunes', 'samuelsilvaantu@exemplo.com', '923', '69005000', 'Rua Gerada 61'),
('15545916432', 'Felipe Neves Bruni', 'felipenevesbrun@exemplo.com', '146', '80010000', 'Rua Gerada 34'),
('89994015016', 'Natalia Duarte Paiva', 'nataliaduartepa@exemplo.com', '236', '60010000', 'Rua Gerada 29'),
('29961439138', 'Kevin Cardoso Nascimento', 'kevincardosonas@exemplo.com', '123', '30140010', 'Rua Gerada 40'),
('90849496457', 'Murilo Sayao Rocha', 'murilosayaoroch@exemplo.com', '960', '90010000', 'Rua Gerada 90'),
('79888765221', 'Rafaela Brother Sayao', 'rafaelabrothers@exemplo.com', '165', '69005000', 'Rua Gerada 6'),
('69654617084', 'Priscila Guimarães Magnani', 'priscilaguimarã@exemplo.com', '513', '01001000', 'Rua Gerada 12'),
('91005303147', 'Clara Oliveira Nunes', 'claraoliveiranu@exemplo.com', '1181', '01001000', 'Rua Gerada 98'),
('34722986380', 'Julia Bacchi Sayao', 'juliabacchisaya@exemplo.com', '1877', '90010000', 'Rua Gerada 24'),
('91591259548', 'Fernanda Siqueira Carvalho', 'fernandasiqueir@exemplo.com', '963', '70040000', 'Rua Gerada 53'),
('54381221630', 'Olivia Martins Ferreira', 'oliviamartinsfe@exemplo.com', '676', '40015000', 'Rua Gerada 89'),
('50782728919', 'Natalia Borges Dill', 'nataliaborgesdi@exemplo.com', '76', '50010000', 'Rua Gerada 12'),
('45710579266', 'Silvio Gomes Borges', 'silviogomesborg@exemplo.com', '1772', '60010000', 'Rua Gerada 1'),
('72459963885', 'Camila Almeida Correa', 'camilaalmeidaco@exemplo.com', '1062', '70040000', 'Rua Gerada 80'),
('77673408059', 'Janaína Sayao Almeida', 'janaínasayaoalm@exemplo.com', '417', '90010000', 'Rua Gerada 71'),
('71366617919', 'Viviane Siqueira Rocha', 'vivianesiqueira@exemplo.com', '60', '69005000', 'Rua Gerada 31'),
('34523330506', 'Paulo Dill Costa', 'paulodillcosta@exemplo.com', '1132', '40015000', 'Rua Gerada 12'),
('70616853949', 'Matheus Melo Brother', 'matheusmelobrot@exemplo.com', '1911', '90010000', 'Rua Gerada 66'),
('47389458254', 'Daniela Somer Perisse', 'danielasomerper@exemplo.com', '500', '50010000', 'Rua Gerada 71'),
('62160840065', 'Yuri Meira Chris', 'yurimeirachris@exemplo.com', '1529', '30140010', 'Rua Gerada 9'),
('54731837094', 'Mariana Nunes Silva', 'mariananunessil@exemplo.com', '580', '90010000', 'Rua Gerada 76'),
('77258933393', 'Rafael Boulos Piovani', 'rafaelboulospio@exemplo.com', '992', '70040000', 'Rua Gerada 43'),
('63873621917', 'Helena Guimarães Correa', 'helenaguimarães@exemplo.com', '1429', '80010000', 'Rua Gerada 74'),
('41709618348', 'Bruna Antunes Rodrigues', 'brunaantunesrod@exemplo.com', '652', '50010000', 'Rua Gerada 91'),
('63176982868', 'Natalia Melo Brother', 'nataliamelobrot@exemplo.com', '1976', '01001000', 'Rua Gerada 17'),
('55484478606', 'Lucas Sayao Ribeiro', 'lucassayaoribei@exemplo.com', '1078', '50010000', 'Rua Gerada 2'),
('30282741795', 'Camila Melo Nascimento', 'camilamelonasci@exemplo.com', '962', '90010000', 'Rua Gerada 44'),
('97606523797', 'João Rezende Piovani', 'joãorezendepiov@exemplo.com', '779', '70040000', 'Rua Gerada 81'),
('77686115390', 'Rafaela Souza Meneghel', 'rafaelasouzamen@exemplo.com', '141', '80010000', 'Rua Gerada 81'),
('66222751133', 'Lucas Ribeiro Sayao', 'lucasribeirosay@exemplo.com', '341', '90010000', 'Rua Gerada 4'),
('53147202662', 'Gustavo Cruz Assis', 'gustavocruzassi@exemplo.com', '768', '40015000', 'Rua Gerada 19'),
('79768296735', 'Camila Ricardo Cavalcanti', 'camilaricardoca@exemplo.com', '349', '30140010', 'Rua Gerada 11'),
('93247393883', 'Roberta Ramos Brother', 'robertaramosbro@exemplo.com', '1870', '69005000', 'Rua Gerada 19'),
('71126783905', 'Karina Mendes Bruni', 'karinamendesbru@exemplo.com', '523', '01001000', 'Rua Gerada 60'),
('52525370668', 'Paola Benicio Ferreira', 'paolabeniciofer@exemplo.com', '152', '50010000', 'Rua Gerada 45'),
('91551343050', 'Orlando Paiva Mendes', 'orlandopaivamen@exemplo.com', '936', '90010000', 'Rua Gerada 26'),
('65831884338', 'Jessica Martins Ramos', 'jessicamartinsr@exemplo.com', '782', '69005000', 'Rua Gerada 46'),
('51123504125', 'Viviane Cruz Oliveira', 'vivianecruzoliv@exemplo.com', '1700', '40015000', 'Rua Gerada 36'),
('87344191828', 'Roberta Almeida Magnani', 'robertaalmeidam@exemplo.com', '1527', '50010000', 'Rua Gerada 37'),
('92592729598', 'Zeca Cunha Correa', 'zecacunhacorrea@exemplo.com', '1272', '90010000', 'Rua Gerada 87'),
('96486808262', 'Lucas Pagodinho Rodrigues', 'lucaspagodinhor@exemplo.com', '633', '50010000', 'Rua Gerada 5'),
('59733890788', 'Carolina Barbosa Carvalho', 'carolinabarbosa@exemplo.com', '1863', '90010000', 'Rua Gerada 42'),
('69044980710', 'Vitor Duarte Barbosa', 'vitorduartebarb@exemplo.com', '1611', '60010000', 'Rua Gerada 47'),
('80999470334', 'Kevin Teixeira Mendes', 'kevinteixeirame@exemplo.com', '1872', '50010000', 'Rua Gerada 38'),
('70624192275', 'Igor Cardoso Cunha', 'igorcardosocunh@exemplo.com', '1762', '40015000', 'Rua Gerada 72'),
('20160926491', 'Amanda Costa Morais', 'amandacostamora@exemplo.com', '1099', '20040000', 'Rua Gerada 59'),
('88435386015', 'Rodrigo Pires Martins', 'rodrigopiresmar@exemplo.com', '1383', '80010000', 'Rua Gerada 61'),
('91711858670', 'Tais Guimarães Moura', 'taisguimarãesmo@exemplo.com', '454', '20040000', 'Rua Gerada 82'),
('73667973944', 'Viviane Miranda Antunes', 'vivianemirandaa@exemplo.com', '239', '30140010', 'Rua Gerada 6'),
('18359129661', 'Orlando Brother Gomes', 'orlandobrotherg@exemplo.com', '200', '80010000', 'Rua Gerada 69'),
('62122280206', 'Helena Pires Benicio', 'helenapiresbeni@exemplo.com', '859', '69005000', 'Rua Gerada 96'),
('30300588783', 'Daniela Ribeiro Siqueira', 'danielaribeiros@exemplo.com', '1261', '40015000', 'Rua Gerada 36'),
('37361217852', 'Gabriela Sayao Ramos', 'gabrielasayaora@exemplo.com', '1752', '70040000', 'Rua Gerada 13'),
('84592135662', 'Luana Assis Pereira', 'luanaassisperei@exemplo.com', '816', '90010000', 'Rua Gerada 25'),
('27043318752', 'Helena Carvalho Marques', 'helenacarvalhom@exemplo.com', '1315', '69005000', 'Rua Gerada 3'),
('41497181986', 'Nicolas Ricardo Vieira', 'nicolasricardov@exemplo.com', '141', '60010000', 'Rua Gerada 27'),
('38288299962', 'Felipe Rezende Cardoso', 'feliperezendeca@exemplo.com', '1616', '69005000', 'Rua Gerada 1'),
('31406237849', 'Nicolas Benicio Mendes', 'nicolasbeniciom@exemplo.com', '1636', '30140010', 'Rua Gerada 15'),
('27290594097', 'Bruno Assis Ramos', 'brunoassisramos@exemplo.com', '1206', '70040000', 'Rua Gerada 3'),
('45108120110', 'Gabriel Barbosa Frota', 'gabrielbarbosaf@exemplo.com', '1078', '20040000', 'Rua Gerada 96'),
('74697489125', 'Giovanna Campos Chris', 'giovannacamposc@exemplo.com', '1216', '20040000', 'Rua Gerada 58'),
('42228741782', 'Flavia Rodrigues Bacchi', 'flaviarodrigues@exemplo.com', '618', '50010000', 'Rua Gerada 83'),
('14140460939', 'Gustavo Somer Borges', 'gustavosomerbor@exemplo.com', '874', '20040000', 'Rua Gerada 63'),
('20495020293', 'João Guimarães Magnani', 'joãoguimarãesma@exemplo.com', '304', '20040000', 'Rua Gerada 17'),
('92785563342', 'Karina Aragao Dill', 'karinaaragaodil@exemplo.com', '1459', '70040000', 'Rua Gerada 49'),
('95876272298', 'Olívia Cruz Bruni', 'olíviacruzbruni@exemplo.com', '1036', '69005000', 'Rua Gerada 56'),
('25899021536', 'Mirella Dill Marques', 'mirelladillmarq@exemplo.com', '881', '50010000', 'Rua Gerada 30'),
('54726988721', 'Helena Borges Frota', 'helenaborgesfro@exemplo.com', '1495', '20040000', 'Rua Gerada 41'),
('54782610420', 'Olivia Mendes Pires', 'oliviamendespir@exemplo.com', '1953', '30140010', 'Rua Gerada 88'),
('78388699989', 'Heitor Carvalho Alves', 'heitorcarvalhoa@exemplo.com', '191', '40015000', 'Rua Gerada 13'),
('83573285650', 'Gustavo Sato Palito', 'gustavosatopali@exemplo.com', '1151', '70040000', 'Rua Gerada 86'),
('66359554209', 'Zeca Paiva Almeida', 'zecapaivaalmeid@exemplo.com', '1984', '90010000', 'Rua Gerada 77'),
('58586598065', 'Leonardo Carosella Paschoal', 'leonardocarosel@exemplo.com', '436', '30140010', 'Rua Gerada 85'),
('42135758776', 'Leonardo Guedes Palito', 'leonardoguedesp@exemplo.com', '753', '20040000', 'Rua Gerada 98'),
('88505852701', 'Erick Paiva Palito', 'erickpaivapalit@exemplo.com', '1996', '69005000', 'Rua Gerada 79'),
('98798348826', 'Tais Santos Magnani', 'taissantosmagna@exemplo.com', '1903', '90010000', 'Rua Gerada 4'),
('45134619511', 'Viviane Farias Lopes', 'vivianefariaslo@exemplo.com', '719', '01001000', 'Rua Gerada 24'),
('30915901069', 'Valentina Borges Lima', 'valentinaborges@exemplo.com', '291', '01001000', 'Rua Gerada 12'),
('81924002354', 'Danilo Fonseca Frota', 'danilofonsecafr@exemplo.com', '930', '70040000', 'Rua Gerada 21'),
('50244071589', 'Bárbara Guimarães Ricardo', 'bárbaraguimarãe@exemplo.com', '1222', '20040000', 'Rua Gerada 7'),
('32143047094', 'Juliana Meneghel Almeida', 'julianameneghel@exemplo.com', '1381', '20040000', 'Rua Gerada 35'),
('76245639018', 'Ester Sayao Frota', 'estersayaofrota@exemplo.com', '560', '80010000', 'Rua Gerada 97'),
('25085412535', 'Wagner Massa Gomes', 'wagnermassagome@exemplo.com', '581', '69005000', 'Rua Gerada 63'),
('15619618497', 'Erick Sales Meira', 'ericksalesmeira@exemplo.com', '113', '01001000', 'Rua Gerada 27'),
('49752153596', 'Silvio Rocha Silva', 'silviorochasilv@exemplo.com', '1019', '40015000', 'Rua Gerada 23'),
('62094455932', 'Patricia Freitas Paschoal', 'patriciafreitas@exemplo.com', '1145', '70040000', 'Rua Gerada 10'),
('17482010533', 'Fernanda Oliveira Bruni', 'fernandaoliveir@exemplo.com', '1887', '20040000', 'Rua Gerada 41'),
('68307441616', 'Yasmin Borges Frota', 'yasminborgesfro@exemplo.com', '593', '20040000', 'Rua Gerada 52'),
('32869705212', 'Iara Bruni Campos', 'iarabrunicampos@exemplo.com', '181', '40015000', 'Rua Gerada 14'),
('66879611145', 'Clara Borges Inacio', 'claraborgesinac@exemplo.com', '162', '40015000', 'Rua Gerada 40'),
('56152880310', 'Erick Rezende Teixeira', 'erickrezendetei@exemplo.com', '157', '60010000', 'Rua Gerada 82'),
('79209217424', 'Manuela Correa Guedes', 'manuelacorreagu@exemplo.com', '720', '30140010', 'Rua Gerada 31'),
('27621411274', 'Ian Duarte Pinto', 'ianduartepinto@exemplo.com', '1234', '30140010', 'Rua Gerada 98'),
('99159880563', 'Igor Pinto Pagodinho', 'igorpintopagodi@exemplo.com', '1012', '50010000', 'Rua Gerada 97'),
('72618338638', 'Roberta Ricardo Meneghel', 'robertaricardom@exemplo.com', '662', '70040000', 'Rua Gerada 20'),
('20478701531', 'Julia Sayao Pagodinho', 'juliasayaopagod@exemplo.com', '621', '90010000', 'Rua Gerada 76'),
('57485897677', 'Mariana Nascimento Farias', 'mariananascimen@exemplo.com', '946', '50010000', 'Rua Gerada 5'),
('57488981174', 'Murilo Nascimento Carvalho', 'murilonasciment@exemplo.com', '1260', '69005000', 'Rua Gerada 65'),
('71780881821', 'Alice Dill Rodrigues', 'alicedillrodrig@exemplo.com', '922', '69005000', 'Rua Gerada 84'),
('53758155315', 'Ester Perisse Paschoal', 'esterperissepas@exemplo.com', '309', '01001000', 'Rua Gerada 58'),
('21657896535', 'Mariana Pinto Rodrigues', 'marianapintorod@exemplo.com', '508', '50010000', 'Rua Gerada 57'),
('80970334045', 'Flavia Ferreira Campos', 'flaviaferreirac@exemplo.com', '764', '90010000', 'Rua Gerada 50'),
('16862867547', 'Janaína Rezende Lima', 'janaínarezendel@exemplo.com', '676', '20040000', 'Rua Gerada 72'),
('64453224650', 'Murilo Mendes Magnani', 'murilomendesmag@exemplo.com', '1789', '30140010', 'Rua Gerada 43'),
('87659459681', 'Natalia Cardoso Guedes', 'nataliacardosog@exemplo.com', '636', '40015000', 'Rua Gerada 17'),
('22618623378', 'Paulo Palito Fonseca', 'paulopalitofons@exemplo.com', '1318', '70040000', 'Rua Gerada 17'),
('20850776779', 'Luana Paiva Chris', 'luanapaivachris@exemplo.com', '742', '01001000', 'Rua Gerada 47'),
('32801406172', 'Danilo Lopes Siqueira', 'danilolopessiqu@exemplo.com', '394', '80010000', 'Rua Gerada 18'),
('19255419068', 'Neymar Ribeiro Paschoal', 'neymarribeiropa@exemplo.com', '1579', '60010000', 'Rua Gerada 95'),
('82514862739', 'Eduardo Lopes Meneghel', 'eduardolopesmen@exemplo.com', '269', '69005000', 'Rua Gerada 49'),
('32137347049', 'Vinicius Meneghel Teixeira', 'viniciusmeneghe@exemplo.com', '1477', '50010000', 'Rua Gerada 6'),
('59009264566', 'Paola Ramos Sayao', 'paolaramossayao@exemplo.com', '1251', '90010000', 'Rua Gerada 97'),
('41992901998', 'Patricia Ramos Farias', 'patriciaramosfa@exemplo.com', '1978', '50010000', 'Rua Gerada 25'),
('91377304419', 'Gabriela Gloss Neves', 'gabrielaglossne@exemplo.com', '1594', '40015000', 'Rua Gerada 65'),
('68099997396', 'Samuel Duarte Magnani', 'samuelduartemag@exemplo.com', '284', '90010000', 'Rua Gerada 7'),
('77178352419', 'Marcos Dill Martins', 'marcosdillmarti@exemplo.com', '1457', '60010000', 'Rua Gerada 16'),
('19814270928', 'Aline Ferreira Nunes', 'alineferreiranu@exemplo.com', '921', '60010000', 'Rua Gerada 19'),
('69403893323', 'Jorge Cunha Boulos', 'jorgecunhaboulo@exemplo.com', '1812', '70040000', 'Rua Gerada 4'),
('16076935960', 'Amanda Paschoal Pires', 'amandapaschoalp@exemplo.com', '483', '40015000', 'Rua Gerada 11'),
('41675008751', 'Daniel Viana Ribeiro', 'danielvianaribe@exemplo.com', '1719', '70040000', 'Rua Gerada 19'),
('14885953049', 'Murilo Perisse Castro', 'muriloperisseca@exemplo.com', '1555', '50010000', 'Rua Gerada 58'),
('12642900640', 'João Oliveira Mendes', 'joãooliveiramen@exemplo.com', '442', '30140010', 'Rua Gerada 71'),
('81334596850', 'Elisa Gomes Neves', 'elisagomesneves@exemplo.com', '487', '90010000', 'Rua Gerada 16'),
('40269853383', 'Daniela Meneghel Bruni', 'danielameneghel@exemplo.com', '129', '20040000', 'Rua Gerada 64'),
('85577418698', 'Carlos Pagodinho Chris', 'carlospagodinho@exemplo.com', '1178', '80010000', 'Rua Gerada 92'),
('49271363513', 'Elisa Silva Moura', 'elisasilvamoura@exemplo.com', '723', '80010000', 'Rua Gerada 74'),
('33263980703', 'Olivia Alves Inacio', 'oliviaalvesinac@exemplo.com', '1997', '70040000', 'Rua Gerada 9'),
('82814314336', 'Rafaela Paschoal Dill', 'rafaelapaschoal@exemplo.com', '42', '40015000', 'Rua Gerada 61'),
('96086324857', 'Ricardo Pires Mendes', 'ricardopiresmen@exemplo.com', '1531', '01001000', 'Rua Gerada 46'),
('21976602296', 'Wagner Ramos Pagodinho', 'wagnerramospago@exemplo.com', '213', '69005000', 'Rua Gerada 95'),
('56199584202', 'Otavio Rodrigues Assis', 'otaviorodrigues@exemplo.com', '1119', '70040000', 'Rua Gerada 83'),
('77411183547', 'Janaína Cavalcanti Castro', 'janaínacavalcan@exemplo.com', '130', '50010000', 'Rua Gerada 5'),
('37030130043', 'Fernando Duarte Rodrigues', 'fernandoduarter@exemplo.com', '647', '90010000', 'Rua Gerada 66'),
('86516586478', 'Julia Mendes Souza', 'juliamendessouz@exemplo.com', '1543', '80010000', 'Rua Gerada 37'),
('17648656315', 'Mirella Rezende Nunes', 'mirellarezenden@exemplo.com', '255', '70040000', 'Rua Gerada 56'),
('65359923040', 'Débora Sayao Meireles', 'déborasayaomeir@exemplo.com', '695', '30140010', 'Rua Gerada 64'),
('77396920960', 'Marcos Bacchi Nunes', 'marcosbacchinun@exemplo.com', '1641', '20040000', 'Rua Gerada 94'),
('20413146764', 'Fernanda Magnani Cavalcanti', 'fernandamagnani@exemplo.com', '1118', '90010000', 'Rua Gerada 42'),
('19030589268', 'Silvio Cruz Farias', 'silviocruzfaria@exemplo.com', '914', '69005000', 'Rua Gerada 92'),
('33304991087', 'Sabrina Sayao Guedes', 'sabrinasayaogue@exemplo.com', '916', '01001000', 'Rua Gerada 94'),
('93118609331', 'Fernanda Peixoto Pereira', 'fernandapeixoto@exemplo.com', '154', '40015000', 'Rua Gerada 47'),
('27313617136', 'Ester Sayao Souza', 'estersayaosouza@exemplo.com', '259', '20040000', 'Rua Gerada 31'),
('99243043984', 'Alexandre Campos Meireles', 'alexandrecampos@exemplo.com', '1945', '69005000', 'Rua Gerada 5'),
('29778731691', 'Paola Boulos Pires', 'paolaboulospire@exemplo.com', '762', '50010000', 'Rua Gerada 98'),
('87639631734', 'Otavio Inacio Campos', 'otavioinaciocam@exemplo.com', '816', '70040000', 'Rua Gerada 84'),
('41261734523', 'Marcelo Santos Cavalcanti', 'marcelosantosca@exemplo.com', '1023', '60010000', 'Rua Gerada 50'),
('86938079221', 'Matheus Morais Boulos', 'matheusmoraisbo@exemplo.com', '440', '69005000', 'Rua Gerada 37'),
('78713587664', 'Arthur Rocha Castro', 'arthurrochacast@exemplo.com', '1747', '20040000', 'Rua Gerada 58'),
('73193442499', 'Jorge Viana Guedes', 'jorgevianaguede@exemplo.com', '1454', '20040000', 'Rua Gerada 71'),
('50983313929', 'Orlando Ferreira Pinto', 'orlandoferreira@exemplo.com', '1626', '70040000', 'Rua Gerada 66'),
('23848012298', 'Arthur Castro Ramos', 'arthurcastroram@exemplo.com', '1619', '50010000', 'Rua Gerada 4'),
('84564482803', 'Yasmin Pires Gloss', 'yasminpiresglos@exemplo.com', '1646', '60010000', 'Rua Gerada 17'),
('18960227273', 'Paulo Sales Somer', 'paulosalessomer@exemplo.com', '1077', '40015000', 'Rua Gerada 99'),
('21059113473', 'Nicolas Viana Nascimento', 'nicolasviananas@exemplo.com', '922', '50010000', 'Rua Gerada 88'),
('59466684592', 'Nicolas Dill Sato', 'nicolasdillsato@exemplo.com', '373', '30140010', 'Rua Gerada 56'),
('18023907846', 'Matheus Bacchi Melo', 'matheusbacchime@exemplo.com', '623', '30140010', 'Rua Gerada 21'),
('43111329404', 'Wagner Bacchi Neves', 'wagnerbacchinev@exemplo.com', '1733', '20040000', 'Rua Gerada 33'),
('96742456225', 'Sofia Peixoto Barbosa', 'sofiapeixotobar@exemplo.com', '1281', '90010000', 'Rua Gerada 79'),
('20881205295', 'Mariana Teixeira Sato', 'marianateixeira@exemplo.com', '1929', '69005000', 'Rua Gerada 20'),
('95478442954', 'Umberto Ricardo Rodrigues', 'umbertoricardor@exemplo.com', '1691', '01001000', 'Rua Gerada 11'),
('46836951954', 'Mirella Vieira Carosella', 'mirellavieiraca@exemplo.com', '854', '69005000', 'Rua Gerada 82'),
('74554586390', 'Janaína Benicio Cruz', 'janaínabenicioc@exemplo.com', '1315', '90010000', 'Rua Gerada 62'),
('50398859778', 'Helena Nascimento Pereira', 'helenanasciment@exemplo.com', '324', '50010000', 'Rua Gerada 54'),
('72209384915', 'Caio Lopes Magnani', 'caiolopesmagnan@exemplo.com', '295', '70040000', 'Rua Gerada 92'),
('28892343988', 'Aline Pires Chris', 'alinepireschris@exemplo.com', '1151', '20040000', 'Rua Gerada 41'),
('71167798361', 'Matheus Nunes Boulos', 'matheusnunesbou@exemplo.com', '508', '30140010', 'Rua Gerada 13'),
('48872053743', 'Ricardo Moura Frota', 'ricardomourafro@exemplo.com', '509', '30140010', 'Rua Gerada 42'),
('91319843645', 'Bárbara Viana Correa', 'bárbaravianacor@exemplo.com', '1563', '30140010', 'Rua Gerada 64'),
('82997132778', 'Isabela Brother Farias', 'isabelabrotherf@exemplo.com', '1019', '01001000', 'Rua Gerada 12'),
('65599351527', 'Mariana Bruni Ramos', 'marianabruniram@exemplo.com', '441', '69005000', 'Rua Gerada 46'),
('14503952399', 'Murilo Brother Meira', 'murilobrotherme@exemplo.com', '1808', '50010000', 'Rua Gerada 37'),
('12305069227', 'Leonardo Massa Castro', 'leonardomassaca@exemplo.com', '1808', '90010000', 'Rua Gerada 94'),
('58976603325', 'Fernando Borges Almeida', 'fernandoborgesa@exemplo.com', '1168', '60010000', 'Rua Gerada 25'),
('84571471785', 'Murilo Nascimento Meireles', 'murilonasciment@exemplo.com', '1033', '50010000', 'Rua Gerada 98'),
('46721356603', 'Iara Moura Rocha', 'iaramourarocha@exemplo.com', '264', '20040000', 'Rua Gerada 51'),
('57187893707', 'Tais Campos Cardoso', 'taiscamposcardo@exemplo.com', '408', '69005000', 'Rua Gerada 66'),
('80443421130', 'Fernando Rodrigues Souza', 'fernandorodrigu@exemplo.com', '281', '70040000', 'Rua Gerada 61'),
('72360059151', 'Rafael Magnani Chris', 'rafaelmagnanich@exemplo.com', '287', '70040000', 'Rua Gerada 79'),
('32842912545', 'Amanda Moura Miranda', 'amandamouramira@exemplo.com', '1216', '70040000', 'Rua Gerada 65'),
('82276952553', 'Patricia Siqueira Ricardo', 'patriciasiqueir@exemplo.com', '614', '50010000', 'Rua Gerada 3'),
('54531757703', 'Paola Gomes Frota', 'paolagomesfrota@exemplo.com', '1196', '90010000', 'Rua Gerada 93'),
('12702653209', 'Diana Perisse Morais', 'dianaperissemor@exemplo.com', '1981', '69005000', 'Rua Gerada 74'),
('87529980074', 'Jessica Teixeira Inacio', 'jessicateixeira@exemplo.com', '1289', '69005000', 'Rua Gerada 100'),
('65152392860', 'Pedro Araujo Souza', 'pedroaraujosouz@exemplo.com', '1173', '20040000', 'Rua Gerada 25'),
('70210877534', 'Renato Frota Melo', 'renatofrotamelo@exemplo.com', '846', '80010000', 'Rua Gerada 53'),
('17419135523', 'Xuxa Castro Bacchi', 'xuxacastrobacch@exemplo.com', '425', '60010000', 'Rua Gerada 42'),
('80774064469', 'Rodrigo Viana Pinto', 'rodrigovianapin@exemplo.com', '942', '60010000', 'Rua Gerada 44'),
('59590865869', 'Paola Morais Moura', 'paolamoraismour@exemplo.com', '992', '80010000', 'Rua Gerada 32'),
('84212767372', 'Orlando Cunha Miranda', 'orlandocunhamir@exemplo.com', '1580', '90010000', 'Rua Gerada 91'),
('77452410971', 'Renato Somer Guedes', 'renatosomergued@exemplo.com', '1148', '90010000', 'Rua Gerada 37'),
('87832856621', 'Paola Benicio Fonseca', 'paolabeniciofon@exemplo.com', '1835', '40015000', 'Rua Gerada 45'),
('30635667897', 'Neymar Rodrigues Neves', 'neymarrodrigues@exemplo.com', '1957', '20040000', 'Rua Gerada 45'),
('74098133303', 'Mirella Mendes Somer', 'mirellamendesso@exemplo.com', '439', '80010000', 'Rua Gerada 69'),
('28346474523', 'Leonardo Moura Sato', 'leonardomourasa@exemplo.com', '491', '80010000', 'Rua Gerada 7'),
('42345576918', 'Karina Freitas Almeida', 'karinafreitasal@exemplo.com', '206', '40015000', 'Rua Gerada 43'),
('77505538841', 'Lucas Castro Silva', 'lucascastrosilv@exemplo.com', '1976', '60010000', 'Rua Gerada 21'),
('97647000122', 'Julia Somer Duarte', 'juliasomerduart@exemplo.com', '1549', '90010000', 'Rua Gerada 42'),
('97125195486', 'Gustavo Carvalho Carosella', 'gustavocarvalho@exemplo.com', '476', '60010000', 'Rua Gerada 95'),
('18317931678', 'Vitor Frota Pinto', 'vitorfrotapinto@exemplo.com', '1913', '01001000', 'Rua Gerada 51'),
('77808774588', 'Vinicius Cruz Souza', 'viniciuscruzsou@exemplo.com', '19', '90010000', 'Rua Gerada 73'),
('25473835020', 'Tarcisio Neves Bruni', 'tarcisionevesbr@exemplo.com', '1314', '60010000', 'Rua Gerada 68'),
('31210955843', 'Mariana Gloss Nunes', 'marianaglossnun@exemplo.com', '395', '20040000', 'Rua Gerada 43');

-- 3. INSERINDO TELEFONES DOS CLIENTES
INSERT INTO fcardb.tel_cliente (cpf_cliente, telefone_cliente) VALUES
('25631219101', '(11) 999613666'),
('20932266036', '(11) 992805768'),
('79718747672', '(11) 999567311'),
('71076327392', '(11) 998128865'),
('54764787985', '(11) 997929315'),
('61937947921', '(11) 992585184'),
('73263716304', '(11) 998795642'),
('99461611826', '(11) 995251016'),
('42904875417', '(11) 996963589'),
('45992368087', '(11) 995275844'),
('47238118820', '(11) 992371865'),
('43196346836', '(11) 999446398'),
('55890068783', '(11) 991272943'),
('46082728027', '(11) 992911520'),
('77239597077', '(11) 998765820'),
('86214147353', '(11) 994012385'),
('41619533975', '(11) 994056945'),
('96555794399', '(11) 997592730'),
('80729735682', '(11) 991759315'),
('86814581501', '(11) 992397383'),
('70808824522', '(11) 997983542'),
('26804608623', '(11) 995993696'),
('83708291861', '(11) 996267145'),
('22968553858', '(11) 998633602'),
('22657051510', '(11) 998548873'),
('27720006480', '(11) 995447210'),
('95351450010', '(11) 996726640'),
('62878418842', '(11) 994140556'),
('40584480151', '(11) 994541139'),
('88297746579', '(11) 994105251'),
('20009114172', '(11) 992312322'),
('29495861299', '(11) 995350628'),
('23702706271', '(11) 992783932'),
('25660222785', '(11) 998277938'),
('36592676864', '(11) 999965341'),
('42051743509', '(11) 991300567'),
('87306329557', '(11) 991098097'),
('37837222462', '(11) 997625890'),
('50608951738', '(11) 992957536'),
('87560595158', '(11) 991223214'),
('87524771010', '(11) 993881241'),
('19388046742', '(11) 999004743'),
('88366898196', '(11) 998720254'),
('89816264716', '(11) 997796309'),
('62680413201', '(11) 999165848'),
('93572699943', '(11) 996080140'),
('28318896303', '(11) 997052024'),
('92903679846', '(11) 997626953'),
('30951395781', '(11) 996077736'),
('49824432345', '(11) 992470273'),
('46457966688', '(11) 993098653'),
('52964901582', '(11) 993266835'),
('68865393468', '(11) 991232799'),
('88895181912', '(11) 994201127'),
('37306582726', '(11) 992877580'),
('95786976772', '(11) 991266510'),
('69620228624', '(11) 994157826'),
('43546912874', '(11) 991449886'),
('36725149313', '(11) 994510288'),
('62369093687', '(11) 999071807'),
('81474619829', '(11) 993435283'),
('32596747212', '(11) 995056398'),
('56327356259', '(11) 998311317'),
('45176120493', '(11) 994203013'),
('38650131267', '(11) 992444410'),
('26527099795', '(11) 996048564'),
('84284273440', '(11) 998774990'),
('92351820356', '(11) 993485807'),
('37002088812', '(11) 998952217'),
('72026998628', '(11) 998077958'),
('49018899720', '(11) 991366025'),
('41398012517', '(11) 992953854'),
('21890571177', '(11) 993786787'),
('64530426279', '(11) 993557220'),
('26687945993', '(11) 998470322'),
('83230130340', '(11) 999137735'),
('94004944472', '(11) 998910276'),
('72482634267', '(11) 991329299'),
('82059564729', '(11) 998541631'),
('51719357531', '(11) 995070650'),
('27774181255', '(11) 994377898'),
('67616418900', '(11) 995946450'),
('69411815182', '(11) 997572195'),
('12048612358', '(11) 991854332'),
('75371715916', '(11) 996601074'),
('85687017337', '(11) 991132108'),
('68595163582', '(11) 992722408'),
('37175772776', '(11) 998244199'),
('69407662450', '(11) 997974052'),
('41567839299', '(11) 999316519'),
('91691910134', '(11) 995878387'),
('39840389209', '(11) 991621045'),
('25970222716', '(11) 999178834'),
('52644245686', '(11) 997705523'),
('99466623911', '(11) 999155420'),
('57421030846', '(11) 999612679'),
('11465576748', '(11) 999185628'),
('66491666830', '(11) 994890733'),
('72206148127', '(11) 992018455'),
('42000950925', '(11) 999863551'),
('74547774977', '(11) 991319096'),
('45821482566', '(11) 998080061'),
('40432475943', '(11) 996299086'),
('97944150250', '(11) 992065530'),
('41328503269', '(11) 995493758'),
('85047082355', '(11) 997998405'),
('46308559446', '(11) 998941293'),
('36565016314', '(11) 992961940'),
('93857676819', '(11) 999301178'),
('49425401235', '(11) 996817736'),
('51031364324', '(11) 998521651'),
('75645737553', '(11) 998318725'),
('24936733140', '(11) 991349082'),
('17243251994', '(11) 993706725'),
('44333616916', '(11) 995832019'),
('63784039499', '(11) 994224602'),
('88621009477', '(11) 998872548'),
('96791788173', '(11) 996768801'),
('20960723239', '(11) 998350277'),
('15545916432', '(11) 994894044'),
('89994015016', '(11) 999516717'),
('29961439138', '(11) 994685993'),
('90849496457', '(11) 996690043'),
('79888765221', '(11) 998859576'),
('69654617084', '(11) 993200475'),
('91005303147', '(11) 995922335'),
('34722986380', '(11) 997549342'),
('91591259548', '(11) 997993768'),
('54381221630', '(11) 997044085'),
('50782728919', '(11) 998924295'),
('45710579266', '(11) 993718341'),
('72459963885', '(11) 994476383'),
('77673408059', '(11) 995738845'),
('71366617919', '(11) 992446060'),
('34523330506', '(11) 999101545'),
('70616853949', '(11) 993165880'),
('47389458254', '(11) 993907342'),
('62160840065', '(11) 994346789'),
('54731837094', '(11) 993622515'),
('77258933393', '(11) 999257506'),
('63873621917', '(11) 992692883'),
('41709618348', '(11) 997979059'),
('63176982868', '(11) 999283332'),
('55484478606', '(11) 996094433'),
('30282741795', '(11) 994937929'),
('97606523797', '(11) 994513701'),
('77686115390', '(11) 991789356'),
('66222751133', '(11) 991304180'),
('53147202662', '(11) 997019442'),
('79768296735', '(11) 995375632'),
('93247393883', '(11) 996990202'),
('71126783905', '(11) 993660958'),
('52525370668', '(11) 993931227'),
('91551343050', '(11) 999446974'),
('65831884338', '(11) 991536367'),
('51123504125', '(11) 992068131'),
('87344191828', '(11) 996666248'),
('92592729598', '(11) 998224612'),
('96486808262', '(11) 992912087'),
('59733890788', '(11) 994803231'),
('69044980710', '(11) 993024809'),
('80999470334', '(11) 994759700'),
('70624192275', '(11) 999159855'),
('20160926491', '(11) 995325537'),
('88435386015', '(11) 996709692'),
('91711858670', '(11) 996959954'),
('73667973944', '(11) 991783099'),
('18359129661', '(11) 995487758'),
('62122280206', '(11) 993536352'),
('30300588783', '(11) 999646766'),
('37361217852', '(11) 992747213'),
('84592135662', '(11) 991845941'),
('27043318752', '(11) 998345513'),
('41497181986', '(11) 998669463'),
('38288299962', '(11) 992861110'),
('31406237849', '(11) 992776570'),
('27290594097', '(11) 992709062'),
('45108120110', '(11) 991704130'),
('74697489125', '(11) 999511177'),
('42228741782', '(11) 992768504'),
('14140460939', '(11) 993802571'),
('20495020293', '(11) 992980707'),
('92785563342', '(11) 994445809'),
('95876272298', '(11) 997067286'),
('25899021536', '(11) 993634568'),
('54726988721', '(11) 995901010'),
('54782610420', '(11) 998407441'),
('78388699989', '(11) 999487536'),
('83573285650', '(11) 999361613'),
('66359554209', '(11) 992665880'),
('58586598065', '(11) 993588652'),
('42135758776', '(11) 997102492'),
('88505852701', '(11) 996613782'),
('98798348826', '(11) 993311438'),
('45134619511', '(11) 993063320'),
('30915901069', '(11) 994387157'),
('81924002354', '(11) 998367017'),
('50244071589', '(11) 997975124'),
('32143047094', '(11) 991110521'),
('76245639018', '(11) 995115720'),
('25085412535', '(11) 998946752'),
('15619618497', '(11) 996726400'),
('49752153596', '(11) 995811005'),
('62094455932', '(11) 999472875'),
('17482010533', '(11) 993873296'),
('68307441616', '(11) 992429986'),
('32869705212', '(11) 995463001'),
('66879611145', '(11) 997248445'),
('56152880310', '(11) 997962689'),
('79209217424', '(11) 997050592'),
('27621411274', '(11) 995117989'),
('99159880563', '(11) 993543614'),
('72618338638', '(11) 999886057'),
('20478701531', '(11) 998075324'),
('57485897677', '(11) 994828258'),
('57488981174', '(11) 993315160'),
('71780881821', '(11) 998194453'),
('53758155315', '(11) 997935859'),
('21657896535', '(11) 997867070'),
('80970334045', '(11) 998696599'),
('16862867547', '(11) 999659648'),
('64453224650', '(11) 997069566'),
('87659459681', '(11) 991499339'),
('22618623378', '(11) 998425238'),
('20850776779', '(11) 993442499'),
('32801406172', '(11) 991166911'),
('19255419068', '(11) 999679670'),
('82514862739', '(11) 992167378'),
('32137347049', '(11) 992422342'),
('59009264566', '(11) 996675793'),
('41992901998', '(11) 996281544'),
('91377304419', '(11) 997738583'),
('68099997396', '(11) 993756910'),
('77178352419', '(11) 998282524'),
('19814270928', '(11) 992031267'),
('69403893323', '(11) 997597913'),
('16076935960', '(11) 991622329'),
('41675008751', '(11) 993532555'),
('14885953049', '(11) 991969887'),
('12642900640', '(11) 999720433'),
('81334596850', '(11) 995961432'),
('40269853383', '(11) 998034775'),
('85577418698', '(11) 997744488'),
('49271363513', '(11) 996105693'),
('33263980703', '(11) 996262932'),
('82814314336', '(11) 996774002'),
('96086324857', '(11) 991132577'),
('21976602296', '(11) 995693941'),
('56199584202', '(11) 999854875'),
('77411183547', '(11) 993463932'),
('37030130043', '(11) 997776956'),
('86516586478', '(11) 998485810'),
('17648656315', '(11) 994441570'),
('65359923040', '(11) 998417942'),
('77396920960', '(11) 996792344'),
('20413146764', '(11) 997786479'),
('19030589268', '(11) 994310073'),
('33304991087', '(11) 996058857'),
('93118609331', '(11) 992413999'),
('27313617136', '(11) 991620256'),
('99243043984', '(11) 996611860'),
('29778731691', '(11) 997543005'),
('87639631734', '(11) 993114023'),
('41261734523', '(11) 999732032'),
('86938079221', '(11) 995763519'),
('78713587664', '(11) 994585870'),
('73193442499', '(11) 992557253'),
('50983313929', '(11) 999584425'),
('23848012298', '(11) 996238726'),
('84564482803', '(11) 999746564'),
('18960227273', '(11) 996716146'),
('21059113473', '(11) 993684813'),
('59466684592', '(11) 991392951'),
('18023907846', '(11) 991467937'),
('43111329404', '(11) 995340101'),
('96742456225', '(11) 995049009'),
('20881205295', '(11) 996099302'),
('95478442954', '(11) 998092498'),
('46836951954', '(11) 999477100'),
('74554586390', '(11) 992852907'),
('50398859778', '(11) 992005722'),
('72209384915', '(11) 997257547'),
('28892343988', '(11) 995357990'),
('71167798361', '(11) 999514426'),
('48872053743', '(11) 996947075'),
('91319843645', '(11) 993077237'),
('82997132778', '(11) 991800824'),
('65599351527', '(11) 993092954'),
('14503952399', '(11) 998528555'),
('12305069227', '(11) 995998957'),
('58976603325', '(11) 991087466'),
('84571471785', '(11) 998602547'),
('46721356603', '(11) 996687145'),
('57187893707', '(11) 994961055'),
('80443421130', '(11) 999947098'),
('72360059151', '(11) 994923148'),
('32842912545', '(11) 996877681'),
('82276952553', '(11) 996019770'),
('54531757703', '(11) 995773713'),
('12702653209', '(11) 993348331'),
('87529980074', '(11) 997336179'),
('65152392860', '(11) 999718559'),
('70210877534', '(11) 995154597'),
('17419135523', '(11) 992765414'),
('80774064469', '(11) 996500359'),
('59590865869', '(11) 999664623'),
('84212767372', '(11) 994230541'),
('77452410971', '(11) 997061063'),
('87832856621', '(11) 998622050'),
('30635667897', '(11) 992643963'),
('74098133303', '(11) 993458755'),
('28346474523', '(11) 998141928'),
('42345576918', '(11) 997913101'),
('77505538841', '(11) 992374845'),
('97647000122', '(11) 992547674'),
('97125195486', '(11) 992043436'),
('18317931678', '(11) 998128416'),
('77808774588', '(11) 993182100'),
('25473835020', '(11) 998990200'),
('31210955843', '(11) 994603484');

-- 4. INSERINDO FUNCIONÁRIOS (8 POR UNIDADE = 80)
INSERT INTO fcardb.funcionarios (cpf_funcionario, nome_funcionario, email_funcionario, cargo_funcionario, sal_funcionario, contratacao_func, id_unidade) VALUES
('97870368553', 'Ian Cavalcanti Costa', 'iancavalcant@fcar.com', 'Gerente', 8877.00, '2023-06-19', 1),
('39022308426', 'Vitor Moura Borges', 'vitormourabo@fcar.com', 'Supervisor', 5463.00, '2023-06-12', 1),
('31884512384', 'Otavio Somer Guimarães', 'otaviosomerg@fcar.com', 'Vendedor', 3503.00, '2023-05-22', 1),
('71141098220', 'Juliana Nunes Rezende', 'juliananunes@fcar.com', 'Assistente', 2598.00, '2023-01-18', 1),
('60052188944', 'Sabrina Ramos Pereira', 'sabrinaramos@fcar.com', 'Atendente', 3038.00, '2023-05-15', 1),
('96403642694', 'Neymar Pires Moura', 'neymarpiresm@fcar.com', 'Vendedor', 3612.00, '2023-03-25', 1),
('70787469138', 'Débora Magnani Pires', 'déboramagnan@fcar.com', 'Supervisor', 5559.00, '2023-09-25', 1),
('86267239754', 'Olivia Marques Araujo', 'oliviamarque@fcar.com', 'Atendente', 3069.00, '2023-08-26', 1),
('60267292758', 'Igor Ricardo Gomes', 'igorricardog@fcar.com', 'Gerente', 8531.00, '2023-09-26', 2),
('88177668081', 'Patricia Melo Teixeira', 'patriciamelo@fcar.com', 'Assistente', 2566.00, '2023-08-13', 2),
('38691649586', 'Letícia Aragao Siqueira', 'letíciaaraga@fcar.com', 'Atendente', 3061.00, '2023-08-11', 2),
('29127346101', 'Manuela Frota Bruni', 'manuelafrota@fcar.com', 'Atendente', 3086.00, '2023-08-19', 2),
('13106464319', 'Amanda Mendes Silva', 'amandamendes@fcar.com', 'Vendedor', 3796.00, '2023-02-11', 2),
('59064406677', 'Viviane Lima Benicio', 'vivianelimab@fcar.com', 'Atendente', 2835.00, '2023-08-11', 2),
('67067620049', 'Vinicius Castro Frota', 'viniciuscast@fcar.com', 'Assistente', 2495.00, '2023-08-22', 2),
('20203319895', 'Roberta Benicio Castro', 'robertabenic@fcar.com', 'Assistente', 2360.00, '2023-03-27', 2),
('80407650696', 'Nicolas Cunha Silva', 'nicolascunha@fcar.com', 'Gerente', 8887.00, '2023-01-19', 3),
('86102929131', 'Elisa Piovani Fonseca', 'elisapiovani@fcar.com', 'Vendedor', 3626.00, '2023-08-21', 3),
('45025979612', 'Yuri Gomes Souza', 'yurigomessou@fcar.com', 'Supervisor', 5514.00, '2023-01-17', 3),
('19475048426', 'Lucas Meira Souza', 'lucasmeiraso@fcar.com', 'Supervisor', 5506.00, '2023-01-17', 3),
('17475567018', 'Beatriz Sayao Freitas', 'beatrizsayao@fcar.com', 'Vendedor', 3886.00, '2023-01-14', 3),
('41307148147', 'Carolina Carosella Viana', 'carolinacaro@fcar.com', 'Assistente', 2421.00, '2023-05-14', 3),
('42303527327', 'Camila Miranda Peixoto', 'camilamirand@fcar.com', 'Atendente', 3085.00, '2023-03-23', 3),
('76811869877', 'Gabriel Guedes Fonseca', 'gabrielguede@fcar.com', 'Assistente', 2656.00, '2023-07-23', 3),
('49295590424', 'Rodrigo Cavalcanti Piovani', 'rodrigocaval@fcar.com', 'Gerente', 8742.00, '2023-04-17', 4),
('30218888414', 'Isabela Pereira Palito', 'isabelaperei@fcar.com', 'Supervisor', 5413.00, '2023-09-26', 4),
('62115531526', 'Hugo Mendes Vieira', 'hugomendesvi@fcar.com', 'Assistente', 2631.00, '2023-02-24', 4),
('60883050432', 'Jorge Piovani Correa', 'jorgepiovani@fcar.com', 'Atendente', 2937.00, '2023-07-11', 4),
('22342105890', 'Yuri Sato Palito', 'yurisatopali@fcar.com', 'Vendedor', 3745.00, '2023-04-20', 4),
('13904100195', 'Danilo Correa Rocha', 'danilocorrea@fcar.com', 'Supervisor', 5324.00, '2023-04-22', 4),
('43995209281', 'Sofia Guimarães Neves', 'sofiaguimarã@fcar.com', 'Supervisor', 5438.00, '2023-09-21', 4),
('45684401997', 'Alexandre Chris Brother', 'alexandrechr@fcar.com', 'Supervisor', 5250.00, '2023-08-20', 4),
('39696823387', 'Marcos Viana Antunes', 'marcosvianaa@fcar.com', 'Gerente', 8523.00, '2023-04-14', 5),
('44429402313', 'Sofia Aragao Frota', 'sofiaaragaof@fcar.com', 'Assistente', 2378.00, '2023-04-20', 5),
('62527530019', 'Valentina Araujo Brother', 'valentinaara@fcar.com', 'Assistente', 2431.00, '2023-08-25', 5),
('33454081960', 'Carolina Assis Teixeira', 'carolinaassi@fcar.com', 'Vendedor', 3868.00, '2023-09-25', 5),
('86834235604', 'Luana Pereira Inacio', 'luanapereira@fcar.com', 'Atendente', 2838.00, '2023-01-10', 5),
('28951080302', 'Janaína Freitas Lima', 'janaínafreit@fcar.com', 'Vendedor', 3504.00, '2023-04-26', 5),
('59203186835', 'Gustavo Meneghel Moura', 'gustavomeneg@fcar.com', 'Supervisor', 5537.00, '2023-08-10', 5),
('83042843881', 'Sofia Antunes Costa', 'sofiaantunes@fcar.com', 'Atendente', 3071.00, '2023-05-27', 5),
('52852947496', 'Carlos Paschoal Massa', 'carlospascho@fcar.com', 'Gerente', 8591.00, '2023-02-13', 6),
('29432087338', 'Guilherme Correa Meneghel', 'guilhermecor@fcar.com', 'Assistente', 2481.00, '2023-05-22', 6),
('57584025343', 'Beatriz Bruni Ricardo', 'beatrizbruni@fcar.com', 'Vendedor', 3856.00, '2023-04-19', 6),
('22231496091', 'Mirella Souza Carvalho', 'mirellasouza@fcar.com', 'Supervisor', 5394.00, '2023-07-27', 6),
('16339393634', 'Karina Costa Teixeira', 'karinacostat@fcar.com', 'Atendente', 3055.00, '2023-07-20', 6),
('40247529489', 'Danilo Ricardo Perisse', 'daniloricard@fcar.com', 'Assistente', 2323.00, '2023-02-18', 6),
('86876958164', 'Valentina Souza Pinto', 'valentinasou@fcar.com', 'Assistente', 2308.00, '2023-04-28', 6),
('65065356467', 'Igor Miranda Ferreira', 'igormirandaf@fcar.com', 'Vendedor', 3790.00, '2023-07-27', 6),
('62964376371', 'Juliana Castro Alves', 'julianacastr@fcar.com', 'Gerente', 8756.00, '2023-06-11', 7),
('66254132103', 'Felipe Nascimento Lopes', 'felipenascim@fcar.com', 'Supervisor', 5596.00, '2023-06-10', 7),
('47083275707', 'Giovanna Siqueira Freitas', 'giovannasiqu@fcar.com', 'Assistente', 2583.00, '2023-07-23', 7),
('20222334493', 'Vanessa Meneghel Cruz', 'vanessameneg@fcar.com', 'Vendedor', 3865.00, '2023-02-12', 7),
('28330800294', 'Rodrigo Melo Meireles', 'rodrigomelom@fcar.com', 'Assistente', 2484.00, '2023-02-12', 7),
('71453540792', 'Alexandre Nunes Martins', 'alexandrenun@fcar.com', 'Vendedor', 3544.00, '2023-03-23', 7),
('84942212945', 'Tais Chris Antunes', 'taischrisant@fcar.com', 'Atendente', 2813.00, '2023-02-21', 7),
('20970290540', 'Diana Meira Guimarães', 'dianameiragu@fcar.com', 'Supervisor', 5206.00, '2023-05-23', 7),
('86884793866', 'Hugo Carosella Bacchi', 'hugocarosell@fcar.com', 'Gerente', 8586.00, '2023-07-15', 8),
('44956051895', 'Orlando Nunes Brother', 'orlandonunes@fcar.com', 'Vendedor', 3532.00, '2023-03-23', 8),
('67019822056', 'Orlando Somer Nascimento', 'orlandosomer@fcar.com', 'Assistente', 2428.00, '2023-04-25', 8),
('94154757678', 'Arthur Bruni Martins', 'arthurbrunim@fcar.com', 'Vendedor', 3655.00, '2023-01-22', 8),
('64203312712', 'Tarcisio Sayao Rezende', 'tarcisiosaya@fcar.com', 'Supervisor', 5533.00, '2023-03-19', 8),
('92981624968', 'Sabrina Duarte Somer', 'sabrinaduart@fcar.com', 'Assistente', 2390.00, '2023-07-20', 8),
('98884166813', 'Larissa Carosella Araujo', 'larissacaros@fcar.com', 'Assistente', 2492.00, '2023-05-22', 8),
('24452631704', 'Valentina Duarte Sato', 'valentinadua@fcar.com', 'Vendedor', 3849.00, '2023-09-10', 8),
('38812217088', 'Gabriela Cruz Lima', 'gabrielacruz@fcar.com', 'Gerente', 8709.00, '2023-08-14', 9),
('51374863254', 'Guilherme Mendes Melo', 'guilhermemen@fcar.com', 'Supervisor', 5393.00, '2023-02-24', 9),
('95859405344', 'Jessica Aragao Borges', 'jessicaaraga@fcar.com', 'Supervisor', 5478.00, '2023-01-21', 9),
('86503232964', 'Diana Alves Martins', 'dianaalvesma@fcar.com', 'Vendedor', 3836.00, '2023-06-15', 9),
('94383221797', 'Fernando Ricardo Borges', 'fernandorica@fcar.com', 'Assistente', 2520.00, '2023-02-10', 9),
('44783250307', 'Erick Chris Bacchi', 'erickchrisba@fcar.com', 'Vendedor', 3728.00, '2023-06-22', 9),
('90228079908', 'Sabrina Paschoal Melo', 'sabrinapasch@fcar.com', 'Assistente', 2312.00, '2023-08-13', 9),
('67103446579', 'João Gomes Cardoso', 'joãogomescar@fcar.com', 'Assistente', 2459.00, '2023-06-24', 9),
('39138217770', 'Nicole Somer Guedes', 'nicolesomerg@fcar.com', 'Gerente', 8743.00, '2023-02-24', 10),
('54892918871', 'Heitor Miranda Rodrigues', 'heitormirand@fcar.com', 'Atendente', 2811.00, '2023-06-13', 10),
('79767074867', 'Vitor Dill Ferreira', 'vitordillfer@fcar.com', 'Assistente', 2586.00, '2023-07-24', 10),
('97639011392', 'Vinicius Cavalcanti Massa', 'viniciuscava@fcar.com', 'Supervisor', 5214.00, '2023-04-24', 10),
('68378068049', 'Ricardo Silva Marques', 'ricardosilva@fcar.com', 'Vendedor', 3642.00, '2023-02-28', 10),
('86759566730', 'Vinicius Campos Guimarães', 'viniciuscamp@fcar.com', 'Vendedor', 3734.00, '2023-02-18', 10),
('80821794414', 'Karina Viana Meira', 'karinavianam@fcar.com', 'Supervisor', 5512.00, '2023-07-28', 10),
('57735263290', 'Zeca Bruni Meneghel', 'zecabrunimen@fcar.com', 'Vendedor', 3844.00, '2023-05-28', 10);

-- 5. INSERINDO TELEFONES DOS FUNCIONÁRIOS
INSERT INTO fcardb.tel_funcionarios (cpf_funcionario, telefone_funcionario) VALUES
('97870368553', '(11) 978485391'),
('39022308426', '(11) 972309842'),
('31884512384', '(11) 977195728'),
('71141098220', '(11) 979829103'),
('60052188944', '(11) 977757085'),
('96403642694', '(11) 979706452'),
('70787469138', '(11) 977623350'),
('86267239754', '(11) 975424046'),
('60267292758', '(11) 979368933'),
('88177668081', '(11) 978103845'),
('38691649586', '(11) 978383316'),
('29127346101', '(11) 979213136'),
('13106464319', '(11) 977994796'),
('59064406677', '(11) 973732048'),
('67067620049', '(11) 973421727'),
('20203319895', '(11) 979485679'),
('80407650696', '(11) 973132786'),
('86102929131', '(11) 979132997'),
('45025979612', '(11) 978679146'),
('19475048426', '(11) 973170723'),
('17475567018', '(11) 979609823'),
('41307148147', '(11) 979877514'),
('42303527327', '(11) 972980687'),
('76811869877', '(11) 974567549'),
('49295590424', '(11) 978640887'),
('30218888414', '(11) 978941588'),
('62115531526', '(11) 971547061'),
('60883050432', '(11) 973631333'),
('22342105890', '(11) 977196363'),
('13904100195', '(11) 972992563'),
('43995209281', '(11) 977855503'),
('45684401997', '(11) 972851133'),
('39696823387', '(11) 973027802'),
('44429402313', '(11) 977200623'),
('62527530019', '(11) 975858523'),
('33454081960', '(11) 971675822'),
('86834235604', '(11) 979770751'),
('28951080302', '(11) 973572022'),
('59203186835', '(11) 972975386'),
('83042843881', '(11) 977232188'),
('52852947496', '(11) 976115785'),
('29432087338', '(11) 977282392'),
('57584025343', '(11) 976087859'),
('22231496091', '(11) 975932187'),
('16339393634', '(11) 979152477'),
('40247529489', '(11) 971469389'),
('86876958164', '(11) 973396950'),
('65065356467', '(11) 973384710'),
('62964376371', '(11) 978075907'),
('66254132103', '(11) 971816229'),
('47083275707', '(11) 976119801'),
('20222334493', '(11) 975756043'),
('28330800294', '(11) 974616856'),
('71453540792', '(11) 974071524'),
('84942212945', '(11) 979200596'),
('20970290540', '(11) 971034993'),
('86884793866', '(11) 973052321'),
('44956051895', '(11) 976849358'),
('67019822056', '(11) 972133544'),
('94154757678', '(11) 971749647'),
('64203312712', '(11) 978005748'),
('92981624968', '(11) 979072800'),
('98884166813', '(11) 976195935'),
('24452631704', '(11) 978589583'),
('38812217088', '(11) 976667733'),
('51374863254', '(11) 977330138'),
('95859405344', '(11) 978972995'),
('86503232964', '(11) 973228175'),
('94383221797', '(11) 973324018'),
('44783250307', '(11) 979468532'),
('90228079908', '(11) 978733225'),
('67103446579', '(11) 978548562'),
('39138217770', '(11) 978534223'),
('54892918871', '(11) 973499513'),
('79767074867', '(11) 976456223'),
('97639011392', '(11) 972498456'),
('68378068049', '(11) 977872422'),
('86759566730', '(11) 977496727'),
('80821794414', '(11) 974906109'),
('57735263290', '(11) 977633663');

-- 6. INSERINDO MECÂNICOS (10)
INSERT INTO fcardb.mecanicos (cpf_mecanico, nome_mecanico, telefone_mecanico, empresa_mecanico, id_unidade) VALUES
('53524974246', 'Mecânico Técnico 1', '(26) 95555-4908', 'TechAuto Centro Automotivo', 1),
('31977128216', 'Mecânico Técnico 2', '(58) 95555-3316', 'Mecânica Unificada', 2),
('67503011876', 'Mecânico Técnico 3', '(87) 95555-3258', 'Mecânica Unificada', 3),
('67482596604', 'Mecânico Técnico 4', '(34) 95555-8973', 'Mecânica Unificada', 4),
('35769372367', 'Mecânico Técnico 5', '(82) 95555-3733', 'PitStop Geral', 5),
('28420405117', 'Mecânico Técnico 6', '(34) 95555-6154', 'PitStop Geral', 6),
('16955312924', 'Mecânico Técnico 7', '(56) 95555-1157', 'PitStop Geral', 7),
('36356215912', 'Mecânico Técnico 8', '(60) 95555-9281', 'PitStop Geral', 8),
('67946521437', 'Mecânico Técnico 9', '(67) 95555-9006', 'FixCar Soluções', 9),
('87664478965', 'Mecânico Técnico 10', '(14) 95555-4613', 'TechAuto Centro Automotivo', 10);

-- 7. INSERINDO VEÍCULOS (40 POR UNIDADE = 400)
INSERT INTO fcardb.veiculos (placa_veiculo, id_unidade, modelo_veiculo, cor_veiculo, status_veiculo, categoria_veiculo, combustivel_veiculo) VALUES
('BIH4R27', 1, 'Chevrolet Tracker Premier', 'Azul', 'RESERVADO', 'SUV', 'GASOLINA'),
('RQD1S48', 1, 'Volvo XC40 Recharge', 'Vermelho', 'DISPONIVEL', 'SUV', 'ELETRICO'),
('YXO3R61', 1, 'Yamaha Fazer FZ25', 'Prata', 'DISPONIVEL', 'MOTO', 'GASOLINA'),
('OIL7C13', 1, 'Honda CB 300F Twister', 'Azul', 'MANUTENCAO', 'MOTO', 'GASOLINA'),
('WTU2N92', 1, 'Honda CB 300F Twister', 'Branco', 'DISPONIVEL', 'MOTO', 'GASOLINA'),
('SLR9I82', 1, 'Fiat Uno Mille', 'Azul', 'MANUTENCAO', 'HATCH', 'ALCOOL'),
('JSI1Q26', 1, 'Hyundai Creta Ultimate', 'Prata', 'LOCADO', 'SUV', 'GASOLINA'),
('WEH5E36', 1, 'BMW 320i M Sport', 'Branco', 'MANUTENCAO', 'SEDAN', 'GASOLINA'),
('UNM1O16', 1, 'Yamaha XMAX 250', 'Azul', 'MANUTENCAO', 'MOTO', 'GASOLINA'),
('WLO5P90', 1, 'Chevrolet Onix Turbo', 'Azul', 'RESERVADO', 'HATCH', 'ALCOOL'),
('UVW1L86', 1, 'Honda CB 300F Twister', 'Cinza', 'LOCADO', 'MOTO', 'GASOLINA'),
('PIK5J89', 1, 'Toyota Corolla XEI', 'Vermelho', 'RESERVADO', 'SEDAN', 'GASOLINA'),
('ZKV0Y01', 1, 'Nissan Versa Exclusive', 'Preto', 'DISPONIVEL', 'SEDAN', 'GASOLINA'),
('FOO6A32', 1, 'Toyota Hilux SRX', 'Branco', 'MANUTENCAO', 'SUV', 'DIESEL'),
('CUL1I52', 1, 'Hyundai Creta Ultimate', 'Cinza', 'MANUTENCAO', 'SUV', 'GASOLINA'),
('XWY6H11', 1, 'Jeep Compass T270', 'Branco', 'RESERVADO', 'SUV', 'GASOLINA'),
('CES8H70', 1, 'Jeep Compass T270', 'Azul', 'MANUTENCAO', 'SUV', 'GASOLINA'),
('DNW7E13', 1, 'Renault Kwid Intense', 'Preto', 'DISPONIVEL', 'HATCH', 'GASOLINA'),
('DKL2J62', 1, 'Toyota Corolla XEI', 'Preto', 'DISPONIVEL', 'SEDAN', 'GASOLINA'),
('TUF5O32', 1, 'Fiat Fastback Impend', 'Vermelho', 'RESERVADO', 'SUV', 'GASOLINA'),
('GCD1E96', 1, 'Volvo XC40 Recharge', 'Cinza', 'MANUTENCAO', 'SUV', 'ELETRICO'),
('ZEH1I38', 1, 'Volkswagen T-Cross High', 'Vermelho', 'MANUTENCAO', 'SUV', 'GASOLINA'),
('YWA4V38', 1, 'Volkswagen T-Cross High', 'Vermelho', 'LOCADO', 'SUV', 'GASOLINA'),
('XMJ0U37', 1, 'Renault Kwid Intense', 'Preto', 'LOCADO', 'HATCH', 'GASOLINA'),
('PUT8C05', 1, 'Fiat Uno Mille', 'Branco', 'RESERVADO', 'HATCH', 'ALCOOL'),
('SNL2R71', 1, 'Jeep Compass T270', 'Vermelho', 'DISPONIVEL', 'SUV', 'GASOLINA'),
('AIG0B68', 1, 'Toyota Hilux SRX', 'Azul', 'RESERVADO', 'SUV', 'DIESEL'),
('NWM8C89', 1, 'Toyota Corolla XEI', 'Prata', 'DISPONIVEL', 'SEDAN', 'GASOLINA'),
('JCQ2G85', 1, 'Renault Kwid Intense', 'Vermelho', 'DISPONIVEL', 'HATCH', 'GASOLINA'),
('JWN3X03', 1, 'Chevrolet Onix Turbo', 'Cinza', 'DISPONIVEL', 'HATCH', 'ALCOOL'),
('OTT4B21', 1, 'Jeep Compass T270', 'Azul', 'LOCADO', 'SUV', 'GASOLINA'),
('WAF5P88', 1, 'BYD King Dolphin', 'Branco', 'MANUTENCAO', 'SEDAN', 'ELETRICO'),
('EXY1I05', 1, 'Fiat Fastback Impend', 'Prata', 'DISPONIVEL', 'SUV', 'GASOLINA'),
('IWS1U77', 1, 'Yamaha XMAX 250', 'Prata', 'DISPONIVEL', 'MOTO', 'GASOLINA'),
('PSF2L41', 1, 'Chevrolet Tracker Premier', 'Azul', 'DISPONIVEL', 'SUV', 'GASOLINA'),
('HXQ0A03', 1, 'Hyundai Creta Ultimate', 'Cinza', 'MANUTENCAO', 'SUV', 'GASOLINA'),
('MEF8B63', 1, 'Fiat Uno Mille', 'Branco', 'RESERVADO', 'HATCH', 'ALCOOL'),
('XKI9C51', 1, 'Yamaha XMAX 250', 'Azul', 'DISPONIVEL', 'MOTO', 'GASOLINA'),
('FHZ0Q61', 1, 'Nissan Versa Exclusive', 'Prata', 'MANUTENCAO', 'SEDAN', 'GASOLINA'),
('KCR0O53', 1, 'Toyota Hilux SRX', 'Vermelho', 'MANUTENCAO', 'SUV', 'DIESEL'),
('XTH5O97', 2, 'Honda CB 300F Twister', 'Azul', 'LOCADO', 'MOTO', 'GASOLINA'),
('EAN3A85', 2, 'Jeep Compass T270', 'Prata', 'DISPONIVEL', 'SUV', 'GASOLINA'),
('YVM4X13', 2, 'Yamaha XMAX 250', 'Branco', 'RESERVADO', 'MOTO', 'GASOLINA'),
('PBE4W10', 2, 'Yamaha Fazer FZ25', 'Vermelho', 'RESERVADO', 'MOTO', 'GASOLINA'),
('WLO1X91', 2, 'Yamaha XMAX 250', 'Branco', 'RESERVADO', 'MOTO', 'GASOLINA'),
('CSS6B23', 2, 'Toyota Hilux SRX', 'Prata', 'MANUTENCAO', 'SUV', 'DIESEL'),
('ZMW5X57', 2, 'BYD King Dolphin', 'Branco', 'DISPONIVEL', 'SEDAN', 'ELETRICO'),
('GEY9Y12', 2, 'Volkswagen Polo TSI', 'Branco', 'RESERVADO', 'HATCH', 'GASOLINA'),
('OKN8D53', 2, 'Nissan Versa Exclusive', 'Prata', 'RESERVADO', 'SEDAN', 'GASOLINA'),
('IDC4F90', 2, 'Honda CB 300F Twister', 'Prata', 'LOCADO', 'MOTO', 'GASOLINA'),
('CWH6L80', 2, 'Toyota Hilux SRX', 'Prata', 'LOCADO', 'SUV', 'DIESEL'),
('AMO8R31', 2, 'Nissan Versa Exclusive', 'Preto', 'LOCADO', 'SEDAN', 'GASOLINA'),
('DAB3Y23', 2, 'Renault Kwid Intense', 'Prata', 'DISPONIVEL', 'HATCH', 'GASOLINA'),
('SSI0C13', 2, 'Nissan Versa Exclusive', 'Branco', 'DISPONIVEL', 'SEDAN', 'GASOLINA'),
('ZKD7B02', 2, 'Chevrolet Tracker Premier', 'Cinza', 'RESERVADO', 'SUV', 'GASOLINA'),
('PAM6V25', 2, 'Honda CB 300F Twister', 'Branco', 'MANUTENCAO', 'MOTO', 'GASOLINA'),
('IOE9B99', 2, 'Yamaha Fazer FZ25', 'Azul', 'MANUTENCAO', 'MOTO', 'GASOLINA'),
('PNR0P14', 2, 'Renault Kwid Intense', 'Branco', 'RESERVADO', 'HATCH', 'GASOLINA'),
('GUZ3Q80', 2, 'Renault Kwid Intense', 'Azul', 'MANUTENCAO', 'HATCH', 'GASOLINA'),
('PRZ5P98', 2, 'Fiat Uno Mille', 'Cinza', 'MANUTENCAO', 'HATCH', 'ALCOOL'),
('FAK3T04', 2, 'Hyundai Creta Ultimate', 'Cinza', 'MANUTENCAO', 'SUV', 'GASOLINA'),
('YSH1F33', 2, 'BYD King Dolphin', 'Vermelho', 'DISPONIVEL', 'SEDAN', 'ELETRICO'),
('YHS6Z52', 2, 'Honda Civic Touring', 'Branco', 'MANUTENCAO', 'SEDAN', 'GASOLINA'),
('ZXW9L05', 2, 'Chevrolet Tracker Premier', 'Vermelho', 'LOCADO', 'SUV', 'GASOLINA'),
('SGZ8P42', 2, 'BMW 320i M Sport', 'Preto', 'DISPONIVEL', 'SEDAN', 'GASOLINA'),
('BHT0H87', 2, 'Jeep Compass T270', 'Prata', 'LOCADO', 'SUV', 'GASOLINA'),
('ZEK2W50', 2, 'Jeep Compass T270', 'Branco', 'LOCADO', 'SUV', 'GASOLINA'),
('YDQ1L56', 2, 'Chevrolet Tracker Premier', 'Preto', 'MANUTENCAO', 'SUV', 'GASOLINA'),
('JKE6F75', 2, 'Honda Civic Touring', 'Azul', 'MANUTENCAO', 'SEDAN', 'GASOLINA'),
('HVS6F44', 2, 'Toyota Corolla XEI', 'Branco', 'DISPONIVEL', 'SEDAN', 'GASOLINA'),
('WSM9Y02', 2, 'Volkswagen T-Cross High', 'Prata', 'LOCADO', 'SUV', 'GASOLINA'),
('USD2P51', 2, 'Yamaha Fazer FZ25', 'Prata', 'MANUTENCAO', 'MOTO', 'GASOLINA'),
('FUC5W70', 2, 'BYD King Dolphin', 'Branco', 'LOCADO', 'SEDAN', 'ELETRICO'),
('WCL1I00', 2, 'Renault Kwid Intense', 'Cinza', 'RESERVADO', 'HATCH', 'GASOLINA'),
('FNP5M86', 2, 'Volkswagen Polo TSI', 'Cinza', 'LOCADO', 'HATCH', 'GASOLINA'),
('FOC0Z40', 2, 'Fiat Uno Mille', 'Prata', 'DISPONIVEL', 'HATCH', 'ALCOOL'),
('CKF2M18', 2, 'Chevrolet Onix Turbo', 'Prata', 'RESERVADO', 'HATCH', 'ALCOOL'),
('WAN2U96', 2, 'Honda Civic Touring', 'Preto', 'DISPONIVEL', 'SEDAN', 'GASOLINA'),
('KGG8N84', 2, 'Toyota Hilux SRX', 'Prata', 'LOCADO', 'SUV', 'DIESEL'),
('DBM8S72', 2, 'Hyundai Creta Ultimate', 'Prata', 'DISPONIVEL', 'SUV', 'GASOLINA'),
('NCJ9V73', 3, 'Volkswagen Polo TSI', 'Preto', 'LOCADO', 'HATCH', 'GASOLINA'),
('FUJ7C14', 3, 'Renault Kwid Intense', 'Cinza', 'RESERVADO', 'HATCH', 'GASOLINA'),
('VIC8U62', 3, 'Volvo XC40 Recharge', 'Cinza', 'MANUTENCAO', 'SUV', 'ELETRICO'),
('FOB7I74', 3, 'Yamaha Fazer FZ25', 'Prata', 'DISPONIVEL', 'MOTO', 'GASOLINA'),
('EYW1V15', 3, 'Honda Biz 125', 'Cinza', 'LOCADO', 'MOTO', 'GASOLINA'),
('RBM6Q87', 3, 'Chevrolet Tracker Premier', 'Branco', 'RESERVADO', 'SUV', 'GASOLINA'),
('JCM0W89', 3, 'Yamaha XMAX 250', 'Vermelho', 'LOCADO', 'MOTO', 'GASOLINA'),
('DYO2F33', 3, 'Toyota Corolla XEI', 'Preto', 'RESERVADO', 'SEDAN', 'GASOLINA'),
('CVN2G94', 3, 'Fiat Uno Mille', 'Azul', 'DISPONIVEL', 'HATCH', 'ALCOOL'),
('CMR8M54', 3, 'Yamaha XMAX 250', 'Cinza', 'DISPONIVEL', 'MOTO', 'GASOLINA'),
('ZWT8S61', 3, 'Fiat Fastback Impend', 'Branco', 'LOCADO', 'SUV', 'GASOLINA'),
('SSS1Y19', 3, 'Volkswagen Polo TSI', 'Prata', 'MANUTENCAO', 'HATCH', 'GASOLINA'),
('NIM7U99', 3, 'BMW 320i M Sport', 'Preto', 'LOCADO', 'SEDAN', 'GASOLINA'),
('IME9T60', 3, 'Renault Kwid Intense', 'Prata', 'LOCADO', 'HATCH', 'GASOLINA'),
('BXP5I05', 3, 'Toyota Hilux SRX', 'Prata', 'MANUTENCAO', 'SUV', 'DIESEL'),
('PWV3D24', 3, 'Nissan Versa Exclusive', 'Prata', 'MANUTENCAO', 'SEDAN', 'GASOLINA'),
('XNT1U37', 3, 'Honda CB 300F Twister', 'Cinza', 'RESERVADO', 'MOTO', 'GASOLINA'),
('YQL8B21', 3, 'Toyota Hilux SRX', 'Azul', 'RESERVADO', 'SUV', 'DIESEL'),
('EYQ0S23', 3, 'Honda CB 300F Twister', 'Preto', 'LOCADO', 'MOTO', 'GASOLINA'),
('BOB3L45', 3, 'Nissan Versa Exclusive', 'Vermelho', 'RESERVADO', 'SEDAN', 'GASOLINA'),
('UDV3A57', 3, 'Volkswagen T-Cross High', 'Cinza', 'LOCADO', 'SUV', 'GASOLINA'),
('PSR5L24', 3, 'Chevrolet Onix Turbo', 'Prata', 'DISPONIVEL', 'HATCH', 'ALCOOL'),
('MBF3S33', 3, 'Honda CB 300F Twister', 'Prata', 'RESERVADO', 'MOTO', 'GASOLINA'),
('QAY0Y72', 3, 'Honda Civic Touring', 'Vermelho', 'DISPONIVEL', 'SEDAN', 'GASOLINA'),
('HIT4Z46', 3, 'Renault Kwid Intense', 'Prata', 'RESERVADO', 'HATCH', 'GASOLINA'),
('IGO8J96', 3, 'Chevrolet Tracker Premier', 'Preto', 'DISPONIVEL', 'SUV', 'GASOLINA'),
('QVL9R94', 3, 'Toyota Hilux SRX', 'Azul', 'DISPONIVEL', 'SUV', 'DIESEL'),
('PCK5I44', 3, 'Toyota Hilux SRX', 'Branco', 'LOCADO', 'SUV', 'DIESEL'),
('QYH9B65', 3, 'Toyota Corolla XEI', 'Azul', 'DISPONIVEL', 'SEDAN', 'GASOLINA'),
('UPJ6I66', 3, 'Hyundai Creta Ultimate', 'Vermelho', 'LOCADO', 'SUV', 'GASOLINA'),
('KXW8H75', 3, 'Yamaha XMAX 250', 'Prata', 'LOCADO', 'MOTO', 'GASOLINA'),
('VRF1J72', 3, 'BYD King Dolphin', 'Azul', 'LOCADO', 'SEDAN', 'ELETRICO'),
('VKU3C53', 3, 'Toyota Hilux SRX', 'Cinza', 'MANUTENCAO', 'SUV', 'DIESEL'),
('LIS7J17', 3, 'Hyundai Creta Ultimate', 'Azul', 'DISPONIVEL', 'SUV', 'GASOLINA'),
('PGQ6D84', 3, 'Fiat Fastback Impend', 'Preto', 'LOCADO', 'SUV', 'GASOLINA'),
('EGK9N72', 3, 'Fiat Uno Mille', 'Azul', 'LOCADO', 'HATCH', 'ALCOOL'),
('YCP2K50', 3, 'Jeep Compass T270', 'Cinza', 'MANUTENCAO', 'SUV', 'GASOLINA'),
('GYY9F27', 3, 'Chevrolet Onix Turbo', 'Branco', 'RESERVADO', 'HATCH', 'ALCOOL'),
('UNM7N60', 3, 'Hyundai Creta Ultimate', 'Vermelho', 'LOCADO', 'SUV', 'GASOLINA'),
('XLA8K30', 3, 'Jeep Compass T270', 'Azul', 'LOCADO', 'SUV', 'GASOLINA'),
('HWL2J16', 4, 'Yamaha XMAX 250', 'Vermelho', 'MANUTENCAO', 'MOTO', 'GASOLINA'),
('FCB4J78', 4, 'Volkswagen T-Cross High', 'Vermelho', 'MANUTENCAO', 'SUV', 'GASOLINA'),
('NVE7K53', 4, 'Honda Civic Touring', 'Cinza', 'DISPONIVEL', 'SEDAN', 'GASOLINA'),
('HHX3E09', 4, 'Yamaha XMAX 250', 'Branco', 'DISPONIVEL', 'MOTO', 'GASOLINA'),
('LWU0Z64', 4, 'Honda Biz 125', 'Vermelho', 'DISPONIVEL', 'MOTO', 'GASOLINA'),
('TBV0D01', 4, 'Fiat Fastback Impend', 'Cinza', 'RESERVADO', 'SUV', 'GASOLINA'),
('DRI2P30', 4, 'Toyota Hilux SRX', 'Cinza', 'DISPONIVEL', 'SUV', 'DIESEL'),
('VQI9T26', 4, 'Volkswagen Polo TSI', 'Vermelho', 'DISPONIVEL', 'HATCH', 'GASOLINA'),
('JDZ7D39', 4, 'Honda CB 300F Twister', 'Prata', 'LOCADO', 'MOTO', 'GASOLINA'),
('LWN2J08', 4, 'BMW 320i M Sport', 'Branco', 'RESERVADO', 'SEDAN', 'GASOLINA'),
('KHA1A19', 4, 'BMW 320i M Sport', 'Branco', 'DISPONIVEL', 'SEDAN', 'GASOLINA'),
('YQC1X43', 4, 'Nissan Versa Exclusive', 'Prata', 'MANUTENCAO', 'SEDAN', 'GASOLINA'),
('OBD0F45', 4, 'Fiat Uno Mille', 'Cinza', 'DISPONIVEL', 'HATCH', 'ALCOOL'),
('DYB2A25', 4, 'Volvo XC40 Recharge', 'Cinza', 'MANUTENCAO', 'SUV', 'ELETRICO'),
('XCL2K16', 4, 'Renault Kwid Intense', 'Cinza', 'MANUTENCAO', 'HATCH', 'GASOLINA'),
('MWP6Z21', 4, 'Toyota Corolla XEI', 'Azul', 'DISPONIVEL', 'SEDAN', 'GASOLINA'),
('FDN7S97', 4, 'Honda Civic Touring', 'Vermelho', 'RESERVADO', 'SEDAN', 'GASOLINA'),
('YLT2A77', 4, 'Volkswagen Polo TSI', 'Cinza', 'RESERVADO', 'HATCH', 'GASOLINA'),
('BCI5U08', 4, 'Chevrolet Tracker Premier', 'Azul', 'LOCADO', 'SUV', 'GASOLINA'),
('VKQ9Q16', 4, 'Yamaha Fazer FZ25', 'Cinza', 'MANUTENCAO', 'MOTO', 'GASOLINA'),
('VVU2M89', 4, 'Hyundai Creta Ultimate', 'Preto', 'LOCADO', 'SUV', 'GASOLINA'),
('QPP1F75', 4, 'Yamaha Fazer FZ25', 'Prata', 'MANUTENCAO', 'MOTO', 'GASOLINA'),
('BQH6R63', 4, 'Chevrolet Onix Turbo', 'Cinza', 'RESERVADO', 'HATCH', 'ALCOOL'),
('ZSO7C75', 4, 'Volkswagen Polo TSI', 'Cinza', 'DISPONIVEL', 'HATCH', 'GASOLINA'),
('DMN8B80', 4, 'Chevrolet Onix Turbo', 'Vermelho', 'MANUTENCAO', 'HATCH', 'ALCOOL'),
('QRG7U55', 4, 'Hyundai Creta Ultimate', 'Branco', 'RESERVADO', 'SUV', 'GASOLINA'),
('KRY9T75', 4, 'Nissan Versa Exclusive', 'Preto', 'DISPONIVEL', 'SEDAN', 'GASOLINA'),
('YVH5A54', 4, 'Honda Biz 125', 'Vermelho', 'MANUTENCAO', 'MOTO', 'GASOLINA'),
('WDB7F26', 4, 'Volkswagen Polo TSI', 'Prata', 'LOCADO', 'HATCH', 'GASOLINA'),
('GDM7G35', 4, 'Volkswagen Polo TSI', 'Cinza', 'DISPONIVEL', 'HATCH', 'GASOLINA'),
('UVS7D79', 4, 'Yamaha XMAX 250', 'Branco', 'RESERVADO', 'MOTO', 'GASOLINA'),
('AQX8B69', 4, 'BMW 320i M Sport', 'Vermelho', 'LOCADO', 'SEDAN', 'GASOLINA'),
('WSF2X16', 4, 'Volkswagen T-Cross High', 'Vermelho', 'MANUTENCAO', 'SUV', 'GASOLINA'),
('QMN3T46', 4, 'Fiat Uno Mille', 'Prata', 'RESERVADO', 'HATCH', 'ALCOOL'),
('ZEE9N84', 4, 'Honda Biz 125', 'Prata', 'LOCADO', 'MOTO', 'GASOLINA'),
('GGT4W52', 4, 'Honda Civic Touring', 'Vermelho', 'MANUTENCAO', 'SEDAN', 'GASOLINA'),
('WDY8L79', 4, 'Chevrolet Tracker Premier', 'Azul', 'RESERVADO', 'SUV', 'GASOLINA'),
('VXR6J08', 4, 'Volkswagen Polo TSI', 'Preto', 'RESERVADO', 'HATCH', 'GASOLINA'),
('EBV3B42', 4, 'Toyota Hilux SRX', 'Azul', 'MANUTENCAO', 'SUV', 'DIESEL'),
('EBW4Z38', 4, 'Hyundai Creta Ultimate', 'Prata', 'RESERVADO', 'SUV', 'GASOLINA'),
('DTV8X38', 5, 'Renault Kwid Intense', 'Branco', 'MANUTENCAO', 'HATCH', 'GASOLINA'),
('WVB6M65', 5, 'Honda Biz 125', 'Preto', 'DISPONIVEL', 'MOTO', 'GASOLINA'),
('XIG7T35', 5, 'Chevrolet Tracker Premier', 'Vermelho', 'LOCADO', 'SUV', 'GASOLINA'),
('YXG7J21', 5, 'Honda Civic Touring', 'Branco', 'DISPONIVEL', 'SEDAN', 'GASOLINA'),
('MBN8I42', 5, 'Honda Civic Touring', 'Vermelho', 'MANUTENCAO', 'SEDAN', 'GASOLINA'),
('AKO2W02', 5, 'Fiat Uno Mille', 'Vermelho', 'DISPONIVEL', 'HATCH', 'ALCOOL'),
('YUT4V79', 5, 'Honda Biz 125', 'Prata', 'DISPONIVEL', 'MOTO', 'GASOLINA'),
('ZWK3Q28', 5, 'Chevrolet Onix Turbo', 'Vermelho', 'LOCADO', 'HATCH', 'ALCOOL'),
('NRR1M53', 5, 'Honda CB 300F Twister', 'Azul', 'MANUTENCAO', 'MOTO', 'GASOLINA'),
('KLJ9G87', 5, 'Honda Biz 125', 'Azul', 'DISPONIVEL', 'MOTO', 'GASOLINA'),
('DVL3O99', 5, 'Yamaha Fazer FZ25', 'Preto', 'MANUTENCAO', 'MOTO', 'GASOLINA'),
('MZD4M84', 5, 'Jeep Compass T270', 'Vermelho', 'MANUTENCAO', 'SUV', 'GASOLINA'),
('QZQ7O04', 5, 'Honda CB 300F Twister', 'Prata', 'DISPONIVEL', 'MOTO', 'GASOLINA'),
('DFY8R01', 5, 'Honda CB 300F Twister', 'Azul', 'LOCADO', 'MOTO', 'GASOLINA'),
('VND8G61', 5, 'Toyota Corolla XEI', 'Preto', 'RESERVADO', 'SEDAN', 'GASOLINA'),
('WKB1C02', 5, 'BYD King Dolphin', 'Vermelho', 'DISPONIVEL', 'SEDAN', 'ELETRICO'),
('SHI6N76', 5, 'Fiat Fastback Impend', 'Prata', 'DISPONIVEL', 'SUV', 'GASOLINA'),
('MVD0R91', 5, 'Chevrolet Tracker Premier', 'Preto', 'DISPONIVEL', 'SUV', 'GASOLINA'),
('LQD4J91', 5, 'Toyota Hilux SRX', 'Cinza', 'RESERVADO', 'SUV', 'DIESEL'),
('MVA2P83', 5, 'Toyota Corolla XEI', 'Azul', 'RESERVADO', 'SEDAN', 'GASOLINA'),
('ZZR2J45', 5, 'Jeep Compass T270', 'Vermelho', 'LOCADO', 'SUV', 'GASOLINA'),
('DBA9S68', 5, 'Honda Biz 125', 'Preto', 'MANUTENCAO', 'MOTO', 'GASOLINA'),
('GXX5X36', 5, 'Yamaha XMAX 250', 'Branco', 'LOCADO', 'MOTO', 'GASOLINA'),
('FHT3I12', 5, 'Chevrolet Tracker Premier', 'Preto', 'RESERVADO', 'SUV', 'GASOLINA'),
('URC1J41', 5, 'Honda CB 300F Twister', 'Azul', 'RESERVADO', 'MOTO', 'GASOLINA'),
('KLE3V14', 5, 'Volkswagen T-Cross High', 'Preto', 'LOCADO', 'SUV', 'GASOLINA'),
('KPO9K49', 5, 'Toyota Corolla XEI', 'Vermelho', 'MANUTENCAO', 'SEDAN', 'GASOLINA'),
('ZKN0F53', 5, 'Yamaha Fazer FZ25', 'Azul', 'RESERVADO', 'MOTO', 'GASOLINA'),
('ILE5V77', 5, 'Nissan Versa Exclusive', 'Prata', 'MANUTENCAO', 'SEDAN', 'GASOLINA'),
('PRD9F14', 5, 'Toyota Corolla XEI', 'Vermelho', 'LOCADO', 'SEDAN', 'GASOLINA'),
('IXU1C08', 5, 'Jeep Compass T270', 'Vermelho', 'RESERVADO', 'SUV', 'GASOLINA'),
('YSG8B48', 5, 'Honda Biz 125', 'Cinza', 'LOCADO', 'MOTO', 'GASOLINA'),
('LMH9Y42', 5, 'Nissan Versa Exclusive', 'Vermelho', 'DISPONIVEL', 'SEDAN', 'GASOLINA'),
('MLQ3A92', 5, 'Yamaha XMAX 250', 'Branco', 'RESERVADO', 'MOTO', 'GASOLINA'),
('FFS2S75', 5, 'Hyundai Creta Ultimate', 'Branco', 'RESERVADO', 'SUV', 'GASOLINA'),
('HCI3L03', 5, 'Yamaha XMAX 250', 'Prata', 'RESERVADO', 'MOTO', 'GASOLINA'),
('POB5B18', 5, 'BYD King Dolphin', 'Azul', 'MANUTENCAO', 'SEDAN', 'ELETRICO'),
('SRS6F65', 5, 'Chevrolet Tracker Premier', 'Azul', 'DISPONIVEL', 'SUV', 'GASOLINA'),
('QIM8H65', 5, 'Volvo XC40 Recharge', 'Cinza', 'RESERVADO', 'SUV', 'ELETRICO'),
('TAQ7E23', 5, 'Chevrolet Onix Turbo', 'Vermelho', 'MANUTENCAO', 'HATCH', 'ALCOOL'),
('GEF5F91', 6, 'Yamaha Fazer FZ25', 'Cinza', 'MANUTENCAO', 'MOTO', 'GASOLINA'),
('XDP7V73', 6, 'Chevrolet Tracker Premier', 'Branco', 'RESERVADO', 'SUV', 'GASOLINA'),
('AHB9E92', 6, 'Toyota Corolla XEI', 'Azul', 'DISPONIVEL', 'SEDAN', 'GASOLINA'),
('SEB4F28', 6, 'Renault Kwid Intense', 'Vermelho', 'DISPONIVEL', 'HATCH', 'GASOLINA'),
('XXV1J37', 6, 'Volkswagen T-Cross High', 'Cinza', 'RESERVADO', 'SUV', 'GASOLINA'),
('FHN2T92', 6, 'Volkswagen T-Cross High', 'Azul', 'MANUTENCAO', 'SUV', 'GASOLINA'),
('FXV7K99', 6, 'Chevrolet Onix Turbo', 'Branco', 'RESERVADO', 'HATCH', 'ALCOOL'),
('MED3A88', 6, 'Fiat Fastback Impend', 'Branco', 'DISPONIVEL', 'SUV', 'GASOLINA'),
('FPT0T88', 6, 'Volkswagen Polo TSI', 'Preto', 'RESERVADO', 'HATCH', 'GASOLINA'),
('VET0R68', 6, 'Fiat Fastback Impend', 'Prata', 'DISPONIVEL', 'SUV', 'GASOLINA'),
('WQN7H65', 6, 'Chevrolet Tracker Premier', 'Azul', 'DISPONIVEL', 'SUV', 'GASOLINA'),
('NEI3P14', 6, 'Volkswagen T-Cross High', 'Vermelho', 'RESERVADO', 'SUV', 'GASOLINA'),
('IGA0W98', 6, 'Volkswagen Polo TSI', 'Vermelho', 'DISPONIVEL', 'HATCH', 'GASOLINA'),
('MUG5W65', 6, 'Volkswagen Polo TSI', 'Branco', 'RESERVADO', 'HATCH', 'GASOLINA'),
('USI8I69', 6, 'Volvo XC40 Recharge', 'Vermelho', 'MANUTENCAO', 'SUV', 'ELETRICO'),
('VMY6G88', 6, 'BMW 320i M Sport', 'Branco', 'MANUTENCAO', 'SEDAN', 'GASOLINA'),
('RRP4I95', 6, 'Renault Kwid Intense', 'Azul', 'LOCADO', 'HATCH', 'GASOLINA'),
('VDX7H21', 6, 'Honda CB 300F Twister', 'Vermelho', 'RESERVADO', 'MOTO', 'GASOLINA'),
('ZKZ9R02', 6, 'Renault Kwid Intense', 'Azul', 'DISPONIVEL', 'HATCH', 'GASOLINA'),
('ZCE9P61', 6, 'Chevrolet Onix Turbo', 'Prata', 'LOCADO', 'HATCH', 'ALCOOL'),
('LCT6B69', 6, 'Yamaha XMAX 250', 'Prata', 'DISPONIVEL', 'MOTO', 'GASOLINA'),
('YFU7P03', 6, 'Yamaha XMAX 250', 'Prata', 'LOCADO', 'MOTO', 'GASOLINA'),
('BZT8Q39', 6, 'Honda Civic Touring', 'Azul', 'DISPONIVEL', 'SEDAN', 'GASOLINA'),
('LHU2A14', 6, 'Renault Kwid Intense', 'Prata', 'RESERVADO', 'HATCH', 'GASOLINA'),
('MSG0Q11', 6, 'Honda Biz 125', 'Prata', 'MANUTENCAO', 'MOTO', 'GASOLINA'),
('LIH3T76', 6, 'Chevrolet Tracker Premier', 'Preto', 'MANUTENCAO', 'SUV', 'GASOLINA'),
('FNQ8D18', 6, 'Toyota Hilux SRX', 'Prata', 'DISPONIVEL', 'SUV', 'DIESEL'),
('ZQI9R47', 6, 'Renault Kwid Intense', 'Vermelho', 'RESERVADO', 'HATCH', 'GASOLINA'),
('YHY7K79', 6, 'Jeep Compass T270', 'Cinza', 'DISPONIVEL', 'SUV', 'GASOLINA'),
('ICM3U35', 6, 'Fiat Fastback Impend', 'Prata', 'DISPONIVEL', 'SUV', 'GASOLINA'),
('WIH1J65', 6, 'Chevrolet Onix Turbo', 'Vermelho', 'LOCADO', 'HATCH', 'ALCOOL'),
('PKL9G42', 6, 'Honda CB 300F Twister', 'Cinza', 'LOCADO', 'MOTO', 'GASOLINA'),
('HXH3I33', 6, 'Yamaha Fazer FZ25', 'Vermelho', 'MANUTENCAO', 'MOTO', 'GASOLINA'),
('EYD1D79', 6, 'Jeep Compass T270', 'Vermelho', 'DISPONIVEL', 'SUV', 'GASOLINA'),
('PLT7K94', 6, 'BMW 320i M Sport', 'Branco', 'MANUTENCAO', 'SEDAN', 'GASOLINA'),
('MHY2S08', 6, 'Fiat Fastback Impend', 'Cinza', 'DISPONIVEL', 'SUV', 'GASOLINA'),
('QLM2V71', 6, 'Yamaha XMAX 250', 'Cinza', 'MANUTENCAO', 'MOTO', 'GASOLINA'),
('WAA3V69', 6, 'Volkswagen Polo TSI', 'Prata', 'MANUTENCAO', 'HATCH', 'GASOLINA'),
('TIF4R34', 6, 'BMW 320i M Sport', 'Vermelho', 'MANUTENCAO', 'SEDAN', 'GASOLINA'),
('LFP3N65', 6, 'Volvo XC40 Recharge', 'Cinza', 'MANUTENCAO', 'SUV', 'ELETRICO'),
('OFS9E31', 7, 'BYD King Dolphin', 'Branco', 'RESERVADO', 'SEDAN', 'ELETRICO'),
('MGE2Z70', 7, 'Honda Civic Touring', 'Cinza', 'RESERVADO', 'SEDAN', 'GASOLINA'),
('EUQ5R74', 7, 'BYD King Dolphin', 'Vermelho', 'DISPONIVEL', 'SEDAN', 'ELETRICO'),
('MDW0F34', 7, 'BMW 320i M Sport', 'Azul', 'DISPONIVEL', 'SEDAN', 'GASOLINA'),
('OXK5I58', 7, 'Honda Biz 125', 'Prata', 'MANUTENCAO', 'MOTO', 'GASOLINA'),
('AND9L39', 7, 'Chevrolet Tracker Premier', 'Azul', 'LOCADO', 'SUV', 'GASOLINA'),
('YJL8K77', 7, 'Chevrolet Onix Turbo', 'Cinza', 'MANUTENCAO', 'HATCH', 'ALCOOL'),
('OUE5F69', 7, 'Chevrolet Tracker Premier', 'Cinza', 'DISPONIVEL', 'SUV', 'GASOLINA'),
('CFK5H54', 7, 'BYD King Dolphin', 'Vermelho', 'RESERVADO', 'SEDAN', 'ELETRICO'),
('IOY9L87', 7, 'Fiat Fastback Impend', 'Branco', 'LOCADO', 'SUV', 'GASOLINA'),
('AEX4H13', 7, 'Honda Civic Touring', 'Cinza', 'DISPONIVEL', 'SEDAN', 'GASOLINA'),
('DCP0R06', 7, 'Yamaha XMAX 250', 'Preto', 'DISPONIVEL', 'MOTO', 'GASOLINA'),
('ITE6C43', 7, 'Yamaha Fazer FZ25', 'Azul', 'MANUTENCAO', 'MOTO', 'GASOLINA'),
('OUE8E20', 7, 'Hyundai Creta Ultimate', 'Azul', 'MANUTENCAO', 'SUV', 'GASOLINA'),
('KPO4R87', 7, 'Toyota Corolla XEI', 'Azul', 'LOCADO', 'SEDAN', 'GASOLINA'),
('STO9U68', 7, 'Honda Biz 125', 'Prata', 'MANUTENCAO', 'MOTO', 'GASOLINA'),
('PRH1Z74', 7, 'Volvo XC40 Recharge', 'Cinza', 'MANUTENCAO', 'SUV', 'ELETRICO'),
('EJA8A25', 7, 'Toyota Hilux SRX', 'Cinza', 'DISPONIVEL', 'SUV', 'DIESEL'),
('WPY4P06', 7, 'Toyota Hilux SRX', 'Vermelho', 'LOCADO', 'SUV', 'DIESEL'),
('ZAR3L68', 7, 'Fiat Fastback Impend', 'Cinza', 'LOCADO', 'SUV', 'GASOLINA'),
('FWX6U63', 7, 'BYD King Dolphin', 'Preto', 'RESERVADO', 'SEDAN', 'ELETRICO'),
('UHQ9Y44', 7, 'Honda Biz 125', 'Prata', 'RESERVADO', 'MOTO', 'GASOLINA'),
('GCF4E17', 7, 'Volkswagen T-Cross High', 'Cinza', 'MANUTENCAO', 'SUV', 'GASOLINA'),
('WTP5G02', 7, 'Hyundai Creta Ultimate', 'Vermelho', 'DISPONIVEL', 'SUV', 'GASOLINA'),
('FDJ2I70', 7, 'Yamaha Fazer FZ25', 'Preto', 'LOCADO', 'MOTO', 'GASOLINA'),
('APG6K47', 7, 'Volvo XC40 Recharge', 'Cinza', 'DISPONIVEL', 'SUV', 'ELETRICO'),
('KCY0E46', 7, 'Chevrolet Onix Turbo', 'Vermelho', 'RESERVADO', 'HATCH', 'ALCOOL'),
('FGI0M13', 7, 'Renault Kwid Intense', 'Cinza', 'LOCADO', 'HATCH', 'GASOLINA'),
('XBG1O83', 7, 'BMW 320i M Sport', 'Cinza', 'MANUTENCAO', 'SEDAN', 'GASOLINA'),
('KFU0X88', 7, 'Volkswagen Polo TSI', 'Prata', 'RESERVADO', 'HATCH', 'GASOLINA'),
('UJG0L31', 7, 'Yamaha Fazer FZ25', 'Azul', 'RESERVADO', 'MOTO', 'GASOLINA'),
('KAF4Z91', 7, 'Renault Kwid Intense', 'Branco', 'DISPONIVEL', 'HATCH', 'GASOLINA'),
('BSZ7W92', 7, 'Volvo XC40 Recharge', 'Preto', 'LOCADO', 'SUV', 'ELETRICO'),
('FPC9V50', 7, 'Hyundai Creta Ultimate', 'Prata', 'LOCADO', 'SUV', 'GASOLINA'),
('WRZ2D73', 7, 'Fiat Uno Mille', 'Vermelho', 'MANUTENCAO', 'HATCH', 'ALCOOL'),
('ZOX0G65', 7, 'Toyota Corolla XEI', 'Prata', 'DISPONIVEL', 'SEDAN', 'GASOLINA'),
('PWO4R87', 7, 'Honda CB 300F Twister', 'Vermelho', 'LOCADO', 'MOTO', 'GASOLINA'),
('RLK7X49', 7, 'Honda Biz 125', 'Branco', 'DISPONIVEL', 'MOTO', 'GASOLINA'),
('QEO4J85', 7, 'Nissan Versa Exclusive', 'Preto', 'RESERVADO', 'SEDAN', 'GASOLINA'),
('XFA5T93', 7, 'Fiat Uno Mille', 'Azul', 'DISPONIVEL', 'HATCH', 'ALCOOL'),
('VRM8G78', 8, 'Toyota Corolla XEI', 'Vermelho', 'MANUTENCAO', 'SEDAN', 'GASOLINA'),
('KNU1K18', 8, 'Chevrolet Onix Turbo', 'Preto', 'LOCADO', 'HATCH', 'ALCOOL'),
('FBG7D31', 8, 'Hyundai Creta Ultimate', 'Vermelho', 'RESERVADO', 'SUV', 'GASOLINA'),
('VPQ9T40', 8, 'Volvo XC40 Recharge', 'Branco', 'DISPONIVEL', 'SUV', 'ELETRICO'),
('AGU1P70', 8, 'Volvo XC40 Recharge', 'Vermelho', 'RESERVADO', 'SUV', 'ELETRICO'),
('LZW9B48', 8, 'Hyundai Creta Ultimate', 'Azul', 'DISPONIVEL', 'SUV', 'GASOLINA'),
('JCG1Q13', 8, 'Honda Biz 125', 'Cinza', 'LOCADO', 'MOTO', 'GASOLINA'),
('GQV9H28', 8, 'Honda Biz 125', 'Cinza', 'DISPONIVEL', 'MOTO', 'GASOLINA'),
('YUS7L61', 8, 'Honda Civic Touring', 'Branco', 'RESERVADO', 'SEDAN', 'GASOLINA'),
('QKV8F97', 8, 'Volvo XC40 Recharge', 'Prata', 'MANUTENCAO', 'SUV', 'ELETRICO'),
('LNY6U59', 8, 'Yamaha Fazer FZ25', 'Vermelho', 'LOCADO', 'MOTO', 'GASOLINA'),
('MYR4X57', 8, 'Nissan Versa Exclusive', 'Cinza', 'DISPONIVEL', 'SEDAN', 'GASOLINA'),
('XBJ0T82', 8, 'Toyota Hilux SRX', 'Preto', 'MANUTENCAO', 'SUV', 'DIESEL'),
('HGK4A88', 8, 'Honda Biz 125', 'Vermelho', 'LOCADO', 'MOTO', 'GASOLINA'),
('DBO2L24', 8, 'Volvo XC40 Recharge', 'Vermelho', 'LOCADO', 'SUV', 'ELETRICO'),
('HIZ1J96', 8, 'Chevrolet Tracker Premier', 'Branco', 'DISPONIVEL', 'SUV', 'GASOLINA'),
('XKZ2P79', 8, 'Volkswagen Polo TSI', 'Vermelho', 'MANUTENCAO', 'HATCH', 'GASOLINA'),
('BXZ6S10', 8, 'Fiat Uno Mille', 'Prata', 'RESERVADO', 'HATCH', 'ALCOOL'),
('NDY9H06', 8, 'Hyundai Creta Ultimate', 'Prata', 'DISPONIVEL', 'SUV', 'GASOLINA'),
('KRS5E83', 8, 'Toyota Corolla XEI', 'Preto', 'RESERVADO', 'SEDAN', 'GASOLINA'),
('OYT8S13', 8, 'Fiat Fastback Impend', 'Prata', 'RESERVADO', 'SUV', 'GASOLINA'),
('EEK7C90', 8, 'Honda Biz 125', 'Cinza', 'MANUTENCAO', 'MOTO', 'GASOLINA'),
('CMQ2N27', 8, 'Honda Biz 125', 'Branco', 'RESERVADO', 'MOTO', 'GASOLINA'),
('MUS8G98', 8, 'Yamaha Fazer FZ25', 'Branco', 'DISPONIVEL', 'MOTO', 'GASOLINA'),
('IYN9K11', 8, 'Fiat Fastback Impend', 'Cinza', 'MANUTENCAO', 'SUV', 'GASOLINA'),
('LGK9L04', 8, 'Honda Civic Touring', 'Prata', 'RESERVADO', 'SEDAN', 'GASOLINA'),
('TEO3B35', 8, 'Toyota Corolla XEI', 'Azul', 'DISPONIVEL', 'SEDAN', 'GASOLINA'),
('DXB9H24', 8, 'Jeep Compass T270', 'Prata', 'DISPONIVEL', 'SUV', 'GASOLINA'),
('JOP5A38', 8, 'Honda CB 300F Twister', 'Branco', 'MANUTENCAO', 'MOTO', 'GASOLINA'),
('RPT2X06', 8, 'Chevrolet Tracker Premier', 'Azul', 'DISPONIVEL', 'SUV', 'GASOLINA'),
('IFB3J94', 8, 'Hyundai Creta Ultimate', 'Cinza', 'DISPONIVEL', 'SUV', 'GASOLINA'),
('CMV5I10', 8, 'Toyota Hilux SRX', 'Azul', 'RESERVADO', 'SUV', 'DIESEL'),
('HMQ1W57', 8, 'Volkswagen T-Cross High', 'Vermelho', 'DISPONIVEL', 'SUV', 'GASOLINA'),
('FGQ8O00', 8, 'Yamaha Fazer FZ25', 'Vermelho', 'MANUTENCAO', 'MOTO', 'GASOLINA'),
('KPM2X05', 8, 'Volvo XC40 Recharge', 'Prata', 'MANUTENCAO', 'SUV', 'ELETRICO'),
('HQI0Z46', 8, 'Jeep Compass T270', 'Vermelho', 'MANUTENCAO', 'SUV', 'GASOLINA'),
('HEK2M16', 8, 'Yamaha XMAX 250', 'Azul', 'LOCADO', 'MOTO', 'GASOLINA'),
('NHS6E49', 8, 'Fiat Uno Mille', 'Cinza', 'LOCADO', 'HATCH', 'ALCOOL'),
('GUE8S32', 8, 'Toyota Hilux SRX', 'Azul', 'LOCADO', 'SUV', 'DIESEL'),
('NYE9U25', 8, 'Chevrolet Onix Turbo', 'Vermelho', 'DISPONIVEL', 'HATCH', 'ALCOOL'),
('FKE0X56', 9, 'Fiat Fastback Impend', 'Prata', 'RESERVADO', 'SUV', 'GASOLINA'),
('XUX2I31', 9, 'Toyota Corolla XEI', 'Branco', 'DISPONIVEL', 'SEDAN', 'GASOLINA'),
('YTT9I99', 9, 'Yamaha Fazer FZ25', 'Vermelho', 'LOCADO', 'MOTO', 'GASOLINA'),
('HVA1L72', 9, 'Yamaha XMAX 250', 'Vermelho', 'RESERVADO', 'MOTO', 'GASOLINA'),
('WUL6F77', 9, 'Toyota Corolla XEI', 'Branco', 'LOCADO', 'SEDAN', 'GASOLINA'),
('HBN0Y46', 9, 'Yamaha Fazer FZ25', 'Azul', 'LOCADO', 'MOTO', 'GASOLINA'),
('YGC7F97', 9, 'Fiat Uno Mille', 'Cinza', 'LOCADO', 'HATCH', 'ALCOOL'),
('NMY9B65', 9, 'Renault Kwid Intense', 'Vermelho', 'DISPONIVEL', 'HATCH', 'GASOLINA'),
('QDO0O38', 9, 'Honda Biz 125', 'Cinza', 'DISPONIVEL', 'MOTO', 'GASOLINA'),
('RMQ0Y34', 9, 'Nissan Versa Exclusive', 'Cinza', 'MANUTENCAO', 'SEDAN', 'GASOLINA'),
('YJO6F49', 9, 'Hyundai Creta Ultimate', 'Azul', 'LOCADO', 'SUV', 'GASOLINA'),
('OUO8C12', 9, 'Chevrolet Tracker Premier', 'Azul', 'LOCADO', 'SUV', 'GASOLINA'),
('MNK0O27', 9, 'Chevrolet Tracker Premier', 'Azul', 'LOCADO', 'SUV', 'GASOLINA'),
('OCI2K11', 9, 'Volkswagen Polo TSI', 'Azul', 'RESERVADO', 'HATCH', 'GASOLINA'),
('ULC6Q89', 9, 'Honda Civic Touring', 'Cinza', 'RESERVADO', 'SEDAN', 'GASOLINA'),
('BYF9K22', 9, 'Toyota Corolla XEI', 'Branco', 'DISPONIVEL', 'SEDAN', 'GASOLINA'),
('NJJ7X42', 9, 'Volkswagen Polo TSI', 'Branco', 'LOCADO', 'HATCH', 'GASOLINA'),
('ATY0I77', 9, 'BMW 320i M Sport', 'Vermelho', 'DISPONIVEL', 'SEDAN', 'GASOLINA'),
('TPH9G77', 9, 'Fiat Fastback Impend', 'Cinza', 'DISPONIVEL', 'SUV', 'GASOLINA'),
('TTA8H49', 9, 'Honda Biz 125', 'Branco', 'DISPONIVEL', 'MOTO', 'GASOLINA'),
('FEB5U02', 9, 'Hyundai Creta Ultimate', 'Azul', 'MANUTENCAO', 'SUV', 'GASOLINA'),
('KCB6D22', 9, 'Toyota Hilux SRX', 'Vermelho', 'LOCADO', 'SUV', 'DIESEL'),
('OXS0L14', 9, 'Fiat Uno Mille', 'Prata', 'RESERVADO', 'HATCH', 'ALCOOL'),
('CYN1R47', 9, 'Toyota Corolla XEI', 'Preto', 'MANUTENCAO', 'SEDAN', 'GASOLINA'),
('KQN3Q39', 9, 'Hyundai Creta Ultimate', 'Preto', 'DISPONIVEL', 'SUV', 'GASOLINA'),
('PXW4T69', 9, 'Fiat Uno Mille', 'Prata', 'MANUTENCAO', 'HATCH', 'ALCOOL'),
('ETS8P77', 9, 'Honda Civic Touring', 'Vermelho', 'LOCADO', 'SEDAN', 'GASOLINA'),
('WJG1A07', 9, 'Volkswagen Polo TSI', 'Azul', 'LOCADO', 'HATCH', 'GASOLINA'),
('ZTN0N55', 9, 'Honda Biz 125', 'Azul', 'LOCADO', 'MOTO', 'GASOLINA'),
('AUG4W41', 9, 'Toyota Hilux SRX', 'Prata', 'MANUTENCAO', 'SUV', 'DIESEL'),
('YAD5V56', 9, 'Chevrolet Tracker Premier', 'Vermelho', 'DISPONIVEL', 'SUV', 'GASOLINA'),
('FGK7K70', 9, 'Toyota Corolla XEI', 'Cinza', 'LOCADO', 'SEDAN', 'GASOLINA'),
('UOR7K60', 9, 'Yamaha XMAX 250', 'Prata', 'MANUTENCAO', 'MOTO', 'GASOLINA'),
('RRA9G55', 9, 'Chevrolet Onix Turbo', 'Branco', 'MANUTENCAO', 'HATCH', 'ALCOOL'),
('AKM8U29', 9, 'Volkswagen T-Cross High', 'Cinza', 'LOCADO', 'SUV', 'GASOLINA'),
('TDZ4Y50', 9, 'BYD King Dolphin', 'Cinza', 'DISPONIVEL', 'SEDAN', 'ELETRICO'),
('PHL4O38', 9, 'Toyota Hilux SRX', 'Branco', 'DISPONIVEL', 'SUV', 'DIESEL'),
('LZB3Y17', 9, 'Yamaha XMAX 250', 'Preto', 'RESERVADO', 'MOTO', 'GASOLINA'),
('QEG7K84', 9, 'Fiat Uno Mille', 'Branco', 'DISPONIVEL', 'HATCH', 'ALCOOL'),
('QVE0G76', 9, 'Yamaha XMAX 250', 'Preto', 'DISPONIVEL', 'MOTO', 'GASOLINA'),
('JBV1T57', 10, 'Hyundai Creta Ultimate', 'Preto', 'MANUTENCAO', 'SUV', 'GASOLINA'),
('ASY3J53', 10, 'Honda CB 300F Twister', 'Prata', 'MANUTENCAO', 'MOTO', 'GASOLINA'),
('RKY1O42', 10, 'Honda Civic Touring', 'Prata', 'DISPONIVEL', 'SEDAN', 'GASOLINA'),
('ATR1Q38', 10, 'Volvo XC40 Recharge', 'Vermelho', 'MANUTENCAO', 'SUV', 'ELETRICO'),
('IEW4Z93', 10, 'Honda Civic Touring', 'Preto', 'MANUTENCAO', 'SEDAN', 'GASOLINA'),
('TKR0O20', 10, 'BMW 320i M Sport', 'Azul', 'DISPONIVEL', 'SEDAN', 'GASOLINA'),
('DMB6C62', 10, 'Volkswagen T-Cross High', 'Vermelho', 'RESERVADO', 'SUV', 'GASOLINA'),
('TLJ3K81', 10, 'Nissan Versa Exclusive', 'Vermelho', 'LOCADO', 'SEDAN', 'GASOLINA'),
('CZW1O74', 10, 'Nissan Versa Exclusive', 'Cinza', 'LOCADO', 'SEDAN', 'GASOLINA'),
('HET5I62', 10, 'Fiat Uno Mille', 'Prata', 'RESERVADO', 'HATCH', 'ALCOOL'),
('PAC1P57', 10, 'Nissan Versa Exclusive', 'Branco', 'MANUTENCAO', 'SEDAN', 'GASOLINA'),
('YLT2S81', 10, 'Renault Kwid Intense', 'Azul', 'DISPONIVEL', 'HATCH', 'GASOLINA'),
('KRU4C87', 10, 'Renault Kwid Intense', 'Vermelho', 'RESERVADO', 'HATCH', 'GASOLINA'),
('HTH2R76', 10, 'Chevrolet Onix Turbo', 'Prata', 'LOCADO', 'HATCH', 'ALCOOL'),
('WSN6Z95', 10, 'Honda Biz 125', 'Azul', 'LOCADO', 'MOTO', 'GASOLINA'),
('FVV9C71', 10, 'Chevrolet Tracker Premier', 'Vermelho', 'RESERVADO', 'SUV', 'GASOLINA'),
('KRD2O46', 10, 'Chevrolet Onix Turbo', 'Vermelho', 'DISPONIVEL', 'HATCH', 'ALCOOL'),
('VTY5M70', 10, 'Chevrolet Onix Turbo', 'Branco', 'LOCADO', 'HATCH', 'ALCOOL'),
('SYU0Z22', 10, 'Nissan Versa Exclusive', 'Vermelho', 'MANUTENCAO', 'SEDAN', 'GASOLINA'),
('MTS3O35', 10, 'Toyota Hilux SRX', 'Vermelho', 'MANUTENCAO', 'SUV', 'DIESEL'),
('NWL9C09', 10, 'Yamaha XMAX 250', 'Cinza', 'LOCADO', 'MOTO', 'GASOLINA'),
('JBL0R08', 10, 'Volvo XC40 Recharge', 'Preto', 'MANUTENCAO', 'SUV', 'ELETRICO'),
('AHN9W65', 10, 'Renault Kwid Intense', 'Cinza', 'RESERVADO', 'HATCH', 'GASOLINA'),
('NRG2V72', 10, 'Honda CB 300F Twister', 'Vermelho', 'RESERVADO', 'MOTO', 'GASOLINA'),
('LNE2J20', 10, 'Chevrolet Onix Turbo', 'Azul', 'DISPONIVEL', 'HATCH', 'ALCOOL'),
('EXP6V21', 10, 'Toyota Corolla XEI', 'Azul', 'RESERVADO', 'SEDAN', 'GASOLINA'),
('OZW6T92', 10, 'Nissan Versa Exclusive', 'Vermelho', 'RESERVADO', 'SEDAN', 'GASOLINA'),
('ROM3L26', 10, 'Volkswagen T-Cross High', 'Preto', 'RESERVADO', 'SUV', 'GASOLINA'),
('XHW4Q68', 10, 'Chevrolet Tracker Premier', 'Prata', 'DISPONIVEL', 'SUV', 'GASOLINA'),
('BSP5W19', 10, 'BMW 320i M Sport', 'Azul', 'DISPONIVEL', 'SEDAN', 'GASOLINA'),
('EXX4Q78', 10, 'Chevrolet Onix Turbo', 'Vermelho', 'DISPONIVEL', 'HATCH', 'ALCOOL'),
('HPU1X89', 10, 'Toyota Hilux SRX', 'Vermelho', 'DISPONIVEL', 'SUV', 'DIESEL'),
('KRY7A78', 10, 'BMW 320i M Sport', 'Vermelho', 'MANUTENCAO', 'SEDAN', 'GASOLINA'),
('NLZ4J20', 10, 'Volkswagen T-Cross High', 'Azul', 'MANUTENCAO', 'SUV', 'GASOLINA'),
('XZS0I79', 10, 'Honda Civic Touring', 'Vermelho', 'DISPONIVEL', 'SEDAN', 'GASOLINA'),
('VJZ9X04', 10, 'BMW 320i M Sport', 'Preto', 'LOCADO', 'SEDAN', 'GASOLINA'),
('QCZ4I29', 10, 'BYD King Dolphin', 'Prata', 'MANUTENCAO', 'SEDAN', 'ELETRICO'),
('AXD2T92', 10, 'Nissan Versa Exclusive', 'Prata', 'LOCADO', 'SEDAN', 'GASOLINA'),
('IZW7H28', 10, 'Hyundai Creta Ultimate', 'Prata', 'DISPONIVEL', 'SUV', 'GASOLINA'),
('ETE6P63', 10, 'Nissan Versa Exclusive', 'Azul', 'LOCADO', 'SEDAN', 'GASOLINA');

-- 8. INSERINDO HISTÓRICO DE VISTORIAS
INSERT INTO fcardb.vistoria (cpf_mecanico, placa_veiculo, data_vistoria, laudo_vistoria) VALUES
('87664478965', 'PCK5I44', '2026-05-21', 'Vistoria periódica em conformidade. Nível de óleo correto, pneus em bom estado de conservação.'),
('35769372367', 'QDO0O38', '2026-05-13', 'Vistoria periódica em conformidade. Nível de óleo correto, pneus em bom estado de conservação.'),
('36356215912', 'RBM6Q87', '2026-05-22', 'Vistoria de rotina preventiva executada sem inconformidades técnicas ou mecânicas detectadas.'),
('36356215912', 'ZEE9N84', '2026-05-27', 'Aprovado integralmente para locação de curta e longa distância. Sem avarias ou observações.'),
('16955312924', 'FFS2S75', '2026-05-25', 'REPROVADO temporariamente. Necessita de substituição imediata das pastilhas de freio dianteiras.'),
('67946521437', 'FNP5M86', '2026-05-23', 'Vistoria periódica em conformidade. Nível de óleo correto, pneus em bom estado de conservação.'),
('36356215912', 'YVH5A54', '2026-05-22', 'REPROVADO. Sistema de suspensão avariado ou pneus desgastados.'),
('28420405117', 'WJG1A07', '2026-05-26', 'Alinhamento e balanceamento preventivo recomendados para a próxima parada técnica na oficina.'),
('31977128216', 'ZEH1I38', '2026-05-27', 'REPROVADO. Sistema de suspensão avariado ou pneus desgastados.'),
('28420405117', 'YGC7F97', '2026-05-23', 'Aprovado. Componentes elétricos inspecionados individualmente, bateria em perfeito estado de carga.'),
('35769372367', 'OCI2K11', '2026-05-20', 'REPROVADO temporariamente. Necessita de substituição imediata das pastilhas de freio dianteiras.'),
('31977128216', 'FDN7S97', '2026-05-18', 'Alinhamento e balanceamento preventivo recomendados para a próxima parada técnica na oficina.'),
('16955312924', 'KRS5E83', '2026-05-24', 'Alinhamento e balanceamento preventivo recomendados para a próxima parada técnica na oficina.'),
('67482596604', 'NRG2V72', '2026-05-28', 'Aprovado integralmente para locação de curta e longa distância. Sem avarias ou observações.'),
('28420405117', 'KCY0E46', '2026-05-15', 'REPROVADO temporariamente. Necessita de substituição imediata das pastilhas de freio dianteiras.'),
('53524974246', 'VRM8G78', '2026-05-10', 'REPROVADO. Sistema de suspensão avariado ou pneus desgastados.'),
('53524974246', 'PSF2L41', '2026-05-23', 'Vistoria periódica em conformidade. Nível de óleo correto, pneus em bom estado de conservação.'),
('31977128216', 'XBG1O83', '2026-05-24', 'REPROVADO. Sistema de suspensão avariado ou pneus desgastados.'),
('67482596604', 'MVA2P83', '2026-05-19', 'REPROVADO temporariamente. Necessita de substituição imediata das pastilhas de freio dianteiras.'),
('53524974246', 'EYQ0S23', '2026-05-10', 'Aprovado. Componentes elétricos inspecionados individualmente, bateria em perfeito estado de carga.'),
('53524974246', 'GEY9Y12', '2026-05-16', 'Aprovado. Componentes elétricos inspecionados individualmente, bateria em perfeito estado de carga.'),
('31977128216', 'YGC7F97', '2026-05-13', 'Vistoria periódica em conformidade. Nível de óleo correto, pneus em bom estado de conservação.'),
('67503011876', 'RPT2X06', '2026-05-22', 'Alinhamento e balanceamento preventivo recomendados para a próxima parada técnica na oficina.'),
('87664478965', 'HPU1X89', '2026-05-15', 'Vistoria periódica em conformidade. Nível de óleo correto, pneus em bom estado de conservação.'),
('67503011876', 'PHL4O38', '2026-05-18', 'REPROVADO temporariamente. Necessita de substituição imediata das pastilhas de freio dianteiras.'),
('31977128216', 'LFP3N65', '2026-05-24', 'REPROVADO. Sistema de suspensão avariado ou pneus desgastados.'),
('16955312924', 'QPP1F75', '2026-05-20', 'REPROVADO. Sistema de suspensão avariado ou pneus desgastados.'),
('67503011876', 'YQC1X43', '2026-05-12', 'REPROVADO. Sistema de suspensão avariado ou pneus desgastados.'),
('53524974246', 'QPP1F75', '2026-05-22', 'REPROVADO. Sistema de suspensão avariado ou pneus desgastados.'),
('28420405117', 'QIM8H65', '2026-05-11', 'REPROVADO temporariamente. Necessita de substituição imediata das pastilhas de freio dianteiras.'),
('67503011876', 'MWP6Z21', '2026-05-24', 'Vistoria periódica em conformidade. Nível de óleo correto, pneus em bom estado de conservação.'),
('67482596604', 'DCP0R06', '2026-05-22', 'Aprovado integralmente para locação de curta e longa distância. Sem avarias ou observações.'),
('36356215912', 'YJO6F49', '2026-05-13', 'Aprovado integralmente para locação de curta e longa distância. Sem avarias ou observações.'),
('16955312924', 'PWO4R87', '2026-05-16', 'Aprovado. Componentes elétricos inspecionados individualmente, bateria em perfeito estado de carga.'),
('31977128216', 'RMQ0Y34', '2026-05-24', 'REPROVADO. Sistema de suspensão avariado ou pneus desgastados.'),
('35769372367', 'DMB6C62', '2026-05-13', 'Vistoria periódica em conformidade. Nível de óleo correto, pneus em bom estado de conservação.'),
('31977128216', 'XKI9C51', '2026-05-28', 'Alinhamento e balanceamento preventivo recomendados para a próxima parada técnica na oficina.'),
('36356215912', 'JDZ7D39', '2026-05-10', 'Vistoria de rotina preventiva executada sem inconformidades técnicas ou mecânicas detectadas.'),
('53524974246', 'CKF2M18', '2026-05-11', 'Alinhamento e balanceamento preventivo recomendados para a próxima parada técnica na oficina.'),
('35769372367', 'TAQ7E23', '2026-05-14', 'REPROVADO. Sistema de suspensão avariado ou pneus desgastados.'),
('28420405117', 'QEG7K84', '2026-05-22', 'Aprovado. Componentes elétricos inspecionados individualmente, bateria em perfeito estado de carga.'),
('67946521437', 'RQD1S48', '2026-05-25', 'Vistoria de rotina preventiva executada sem inconformidades técnicas ou mecânicas detectadas.'),
('16955312924', 'LHU2A14', '2026-05-12', 'Aprovado. Componentes elétricos inspecionados individualmente, bateria em perfeito estado de carga.'),
('53524974246', 'EGK9N72', '2026-05-22', 'Alinhamento e balanceamento preventivo recomendados para a próxima parada técnica na oficina.'),
('36356215912', 'ETE6P63', '2026-05-13', 'Aprovado. Componentes elétricos inspecionados individualmente, bateria em perfeito estado de carga.'),
('28420405117', 'WRZ2D73', '2026-05-20', 'REPROVADO. Sistema de suspensão avariado ou pneus desgastados.'),
('35769372367', 'AUG4W41', '2026-05-22', 'REPROVADO. Sistema de suspensão avariado ou pneus desgastados.'),
('31977128216', 'JCQ2G85', '2026-05-21', 'Aprovado. Componentes elétricos inspecionados individualmente, bateria em perfeito estado de carga.'),
('31977128216', 'VND8G61', '2026-05-24', 'REPROVADO temporariamente. Necessita de substituição imediata das pastilhas de freio dianteiras.'),
('67482596604', 'OUO8C12', '2026-05-15', 'Aprovado. Componentes elétricos inspecionados individualmente, bateria em perfeito estado de carga.'),
('16955312924', 'GCD1E96', '2026-05-16', 'REPROVADO. Sistema de suspensão avariado ou pneus desgastados.'),
('16955312924', 'QMN3T46', '2026-05-13', 'Alinhamento e balanceamento preventivo recomendados para a próxima parada técnica na oficina.'),
('28420405117', 'UOR7K60', '2026-05-25', 'REPROVADO. Sistema de suspensão avariado ou pneus desgastados.'),
('36356215912', 'PBE4W10', '2026-05-16', 'Aprovado integralmente para locação de curta e longa distância. Sem avarias ou observações.'),
('67482596604', 'DKL2J62', '2026-05-10', 'Alinhamento e balanceamento preventivo recomendados para a próxima parada técnica na oficina.'),
('67482596604', 'MUS8G98', '2026-05-25', 'Vistoria de rotina preventiva executada sem inconformidades técnicas ou mecânicas detectadas.'),
('67946521437', 'EXY1I05', '2026-05-19', 'Vistoria de rotina preventiva executada sem inconformidades técnicas ou mecânicas detectadas.'),
('36356215912', 'FPC9V50', '2026-05-10', 'Vistoria periódica em conformidade. Nível de óleo correto, pneus em bom estado de conservação.'),
('53524974246', 'DFY8R01', '2026-05-20', 'Alinhamento e balanceamento preventivo recomendados para a próxima parada técnica na oficina.'),
('16955312924', 'ZEH1I38', '2026-05-13', 'REPROVADO. Sistema de suspensão avariado ou pneus desgastados.'),
('67946521437', 'QYH9B65', '2026-05-24', 'Alinhamento e balanceamento preventivo recomendados para a próxima parada técnica na oficina.'),
('67503011876', 'WRZ2D73', '2026-05-28', 'REPROVADO. Sistema de suspensão avariado ou pneus desgastados.'),
('31977128216', 'XLA8K30', '2026-05-11', 'Alinhamento e balanceamento preventivo recomendados para a próxima parada técnica na oficina.'),
('36356215912', 'FUC5W70', '2026-05-10', 'Vistoria de rotina preventiva executada sem inconformidades técnicas ou mecânicas detectadas.'),
('53524974246', 'HEK2M16', '2026-05-17', 'Alinhamento e balanceamento preventivo recomendados para a próxima parada técnica na oficina.'),
('67503011876', 'MNK0O27', '2026-05-10', 'Aprovado integralmente para locação de curta e longa distância. Sem avarias ou observações.'),
('53524974246', 'HVA1L72', '2026-05-19', 'Vistoria periódica em conformidade. Nível de óleo correto, pneus em bom estado de conservação.'),
('87664478965', 'EYD1D79', '2026-05-15', 'Aprovado. Componentes elétricos inspecionados individualmente, bateria em perfeito estado de carga.'),
('31977128216', 'EXY1I05', '2026-05-13', 'Vistoria de rotina preventiva executada sem inconformidades técnicas ou mecânicas detectadas.'),
('87664478965', 'IYN9K11', '2026-05-17', 'REPROVADO. Sistema de suspensão avariado ou pneus desgastados.'),
('67482596604', 'EXY1I05', '2026-05-23', 'REPROVADO temporariamente. Necessita de substituição imediata das pastilhas de freio dianteiras.'),
('16955312924', 'VTY5M70', '2026-05-20', 'Vistoria periódica em conformidade. Nível de óleo correto, pneus em bom estado de conservação.'),
('87664478965', 'YAD5V56', '2026-05-27', 'Aprovado integralmente para locação de curta e longa distância. Sem avarias ou observações.'),
('67482596604', 'MBN8I42', '2026-05-11', 'REPROVADO. Sistema de suspensão avariado ou pneus desgastados.'),
('67503011876', 'MUS8G98', '2026-05-20', 'Vistoria periódica em conformidade. Nível de óleo correto, pneus em bom estado de conservação.'),
('35769372367', 'YSH1F33', '2026-05-14', 'Vistoria de rotina preventiva executada sem inconformidades técnicas ou mecânicas detectadas.'),
('28420405117', 'JCM0W89', '2026-05-27', 'Aprovado integralmente para locação de curta e longa distância. Sem avarias ou observações.'),
('67482596604', 'MSG0Q11', '2026-05-28', 'REPROVADO. Sistema de suspensão avariado ou pneus desgastados.'),
('67503011876', 'GCD1E96', '2026-05-13', 'REPROVADO. Sistema de suspensão avariado ou pneus desgastados.'),
('87664478965', 'HVA1L72', '2026-05-22', 'Aprovado integralmente para locação de curta e longa distância. Sem avarias ou observações.'),
('36356215912', 'UNM1O16', '2026-05-12', 'REPROVADO. Sistema de suspensão avariado ou pneus desgastados.'),
('53524974246', 'OIL7C13', '2026-05-15', 'REPROVADO. Sistema de suspensão avariado ou pneus desgastados.'),
('87664478965', 'CSS6B23', '2026-05-19', 'REPROVADO. Sistema de suspensão avariado ou pneus desgastados.'),
('36356215912', 'MUG5W65', '2026-05-14', 'Aprovado integralmente para locação de curta e longa distância. Sem avarias ou observações.'),
('35769372367', 'WCL1I00', '2026-05-26', 'Vistoria de rotina preventiva executada sem inconformidades técnicas ou mecânicas detectadas.'),
('67482596604', 'WQN7H65', '2026-05-15', 'Aprovado. Componentes elétricos inspecionados individualmente, bateria em perfeito estado de carga.'),
('53524974246', 'AKM8U29', '2026-05-15', 'Alinhamento e balanceamento preventivo recomendados para a próxima parada técnica na oficina.'),
('87664478965', 'STO9U68', '2026-05-12', 'REPROVADO. Sistema de suspensão avariado ou pneus desgastados.'),
('35769372367', 'XUX2I31', '2026-05-21', 'Vistoria de rotina preventiva executada sem inconformidades técnicas ou mecânicas detectadas.'),
('67946521437', 'YXO3R61', '2026-05-17', 'Aprovado integralmente para locação de curta e longa distância. Sem avarias ou observações.'),
('67946521437', 'FAK3T04', '2026-05-13', 'REPROVADO. Sistema de suspensão avariado ou pneus desgastados.'),
('28420405117', 'HEK2M16', '2026-05-27', 'Aprovado. Componentes elétricos inspecionados individualmente, bateria em perfeito estado de carga.'),
('36356215912', 'VKU3C53', '2026-05-16', 'REPROVADO. Sistema de suspensão avariado ou pneus desgastados.'),
('53524974246', 'QPP1F75', '2026-05-16', 'REPROVADO. Sistema de suspensão avariado ou pneus desgastados.'),
('67503011876', 'PNR0P14', '2026-05-25', 'Vistoria de rotina preventiva executada sem inconformidades técnicas ou mecânicas detectadas.'),
('67503011876', 'ZWT8S61', '2026-05-11', 'Vistoria periódica em conformidade. Nível de óleo correto, pneus em bom estado de conservação.'),
('28420405117', 'YJO6F49', '2026-05-19', 'Aprovado integralmente para locação de curta e longa distância. Sem avarias ou observações.'),
('35769372367', 'BZT8Q39', '2026-05-20', 'Aprovado. Componentes elétricos inspecionados individualmente, bateria em perfeito estado de carga.'),
('36356215912', 'XHW4Q68', '2026-05-11', 'Vistoria periódica em conformidade. Nível de óleo correto, pneus em bom estado de conservação.'),
('53524974246', 'MTS3O35', '2026-05-27', 'REPROVADO. Sistema de suspensão avariado ou pneus desgastados.'),
('67503011876', 'ZWT8S61', '2026-05-10', 'Vistoria de rotina preventiva executada sem inconformidades técnicas ou mecânicas detectadas.'),
('31977128216', 'WTP5G02', '2026-05-12', 'Aprovado integralmente para locação de curta e longa distância. Sem avarias ou observações.'),
('36356215912', 'HET5I62', '2026-05-28', 'Aprovado. Componentes elétricos inspecionados individualmente, bateria em perfeito estado de carga.'),
('16955312924', 'YUT4V79', '2026-05-16', 'Alinhamento e balanceamento preventivo recomendados para a próxima parada técnica na oficina.'),
('28420405117', 'ETS8P77', '2026-05-17', 'Vistoria periódica em conformidade. Nível de óleo correto, pneus em bom estado de conservação.'),
('67482596604', 'YUT4V79', '2026-05-13', 'Aprovado integralmente para locação de curta e longa distância. Sem avarias ou observações.'),
('16955312924', 'VTY5M70', '2026-05-16', 'Vistoria de rotina preventiva executada sem inconformidades técnicas ou mecânicas detectadas.'),
('31977128216', 'VKU3C53', '2026-05-25', 'REPROVADO. Sistema de suspensão avariado ou pneus desgastados.'),
('36356215912', 'KRS5E83', '2026-05-11', 'Vistoria de rotina preventiva executada sem inconformidades técnicas ou mecânicas detectadas.'),
('67482596604', 'FNP5M86', '2026-05-24', 'Aprovado integralmente para locação de curta e longa distância. Sem avarias ou observações.'),
('28420405117', 'QIM8H65', '2026-05-14', 'Vistoria de rotina preventiva executada sem inconformidades técnicas ou mecânicas detectadas.'),
('67482596604', 'CZW1O74', '2026-05-21', 'REPROVADO temporariamente. Necessita de substituição imediata das pastilhas de freio dianteiras.'),
('28420405117', 'QAY0Y72', '2026-05-14', 'Vistoria periódica em conformidade. Nível de óleo correto, pneus em bom estado de conservação.'),
('87664478965', 'AKM8U29', '2026-05-11', 'REPROVADO temporariamente. Necessita de substituição imediata das pastilhas de freio dianteiras.'),
('31977128216', 'HVS6F44', '2026-05-24', 'Vistoria de rotina preventiva executada sem inconformidades técnicas ou mecânicas detectadas.'),
('67503011876', 'USI8I69', '2026-05-20', 'REPROVADO. Sistema de suspensão avariado ou pneus desgastados.'),
('35769372367', 'VKU3C53', '2026-05-15', 'REPROVADO. Sistema de suspensão avariado ou pneus desgastados.'),
('87664478965', 'YGC7F97', '2026-05-15', 'Aprovado. Componentes elétricos inspecionados individualmente, bateria em perfeito estado de carga.'),
('67482596604', 'VPQ9T40', '2026-05-12', 'Vistoria de rotina preventiva executada sem inconformidades técnicas ou mecânicas detectadas.'),
('36356215912', 'FGI0M13', '2026-05-16', 'Aprovado. Componentes elétricos inspecionados individualmente, bateria em perfeito estado de carga.'),
('36356215912', 'EUQ5R74', '2026-05-18', 'Vistoria periódica em conformidade. Nível de óleo correto, pneus em bom estado de conservação.'),
('16955312924', 'HTH2R76', '2026-05-17', 'Aprovado integralmente para locação de curta e longa distância. Sem avarias ou observações.'),
('16955312924', 'ZWK3Q28', '2026-05-28', 'Aprovado integralmente para locação de curta e longa distância. Sem avarias ou observações.'),
('67503011876', 'CMQ2N27', '2026-05-28', 'Vistoria periódica em conformidade. Nível de óleo correto, pneus em bom estado de conservação.'),
('53524974246', 'MUG5W65', '2026-05-11', 'Vistoria de rotina preventiva executada sem inconformidades técnicas ou mecânicas detectadas.'),
('67946521437', 'FVV9C71', '2026-05-11', 'Vistoria de rotina preventiva executada sem inconformidades técnicas ou mecânicas detectadas.'),
('16955312924', 'KAF4Z91', '2026-05-25', 'Alinhamento e balanceamento preventivo recomendados para a próxima parada técnica na oficina.'),
('36356215912', 'CWH6L80', '2026-05-25', 'Aprovado integralmente para locação de curta e longa distância. Sem avarias ou observações.'),
('67946521437', 'YVM4X13', '2026-05-10', 'Alinhamento e balanceamento preventivo recomendados para a próxima parada técnica na oficina.'),
('16955312924', 'WSN6Z95', '2026-05-16', 'Aprovado integralmente para locação de curta e longa distância. Sem avarias ou observações.'),
('35769372367', 'FHT3I12', '2026-05-17', 'Alinhamento e balanceamento preventivo recomendados para a próxima parada técnica na oficina.'),
('53524974246', 'ZMW5X57', '2026-05-25', 'Alinhamento e balanceamento preventivo recomendados para a próxima parada técnica na oficina.'),
('67503011876', 'WDY8L79', '2026-05-24', 'Aprovado. Componentes elétricos inspecionados individualmente, bateria em perfeito estado de carga.'),
('87664478965', 'AHN9W65', '2026-05-10', 'Vistoria de rotina preventiva executada sem inconformidades técnicas ou mecânicas detectadas.'),
('67503011876', 'WAA3V69', '2026-05-22', 'REPROVADO. Sistema de suspensão avariado ou pneus desgastados.'),
('28420405117', 'BXP5I05', '2026-05-24', 'REPROVADO. Sistema de suspensão avariado ou pneus desgastados.'),
('53524974246', 'JBV1T57', '2026-05-12', 'REPROVADO. Sistema de suspensão avariado ou pneus desgastados.'),
('28420405117', 'SRS6F65', '2026-05-26', 'Vistoria periódica em conformidade. Nível de óleo correto, pneus em bom estado de conservação.'),
('16955312924', 'AQX8B69', '2026-05-18', 'Alinhamento e balanceamento preventivo recomendados para a próxima parada técnica na oficina.'),
('67946521437', 'FGQ8O00', '2026-05-28', 'REPROVADO. Sistema de suspensão avariado ou pneus desgastados.'),
('31977128216', 'QVL9R94', '2026-05-20', 'Alinhamento e balanceamento preventivo recomendados para a próxima parada técnica na oficina.'),
('67946521437', 'JCQ2G85', '2026-05-21', 'Vistoria periódica em conformidade. Nível de óleo correto, pneus em bom estado de conservação.'),
('16955312924', 'IOE9B99', '2026-05-21', 'REPROVADO. Sistema de suspensão avariado ou pneus desgastados.'),
('87664478965', 'TIF4R34', '2026-05-11', 'REPROVADO. Sistema de suspensão avariado ou pneus desgastados.'),
('28420405117', 'ZKN0F53', '2026-05-15', 'Alinhamento e balanceamento preventivo recomendados para a próxima parada técnica na oficina.'),
('31977128216', 'JCG1Q13', '2026-05-27', 'Alinhamento e balanceamento preventivo recomendados para a próxima parada técnica na oficina.'),
('67482596604', 'QCZ4I29', '2026-05-14', 'REPROVADO. Sistema de suspensão avariado ou pneus desgastados.'),
('67482596604', 'MZD4M84', '2026-05-27', 'REPROVADO. Sistema de suspensão avariado ou pneus desgastados.'),
('36356215912', 'GUZ3Q80', '2026-05-28', 'REPROVADO. Sistema de suspensão avariado ou pneus desgastados.'),
('67482596604', 'QVE0G76', '2026-05-17', 'REPROVADO temporariamente. Necessita de substituição imediata das pastilhas de freio dianteiras.'),
('35769372367', 'ZZR2J45', '2026-05-26', 'Alinhamento e balanceamento preventivo recomendados para a próxima parada técnica na oficina.'),
('35769372367', 'RRP4I95', '2026-05-11', 'Vistoria periódica em conformidade. Nível de óleo correto, pneus em bom estado de conservação.'),
('28420405117', 'IXU1C08', '2026-05-24', 'Vistoria de rotina preventiva executada sem inconformidades técnicas ou mecânicas detectadas.'),
('67946521437', 'PRH1Z74', '2026-05-13', 'REPROVADO. Sistema de suspensão avariado ou pneus desgastados.'),
('67946521437', 'OFS9E31', '2026-05-27', 'REPROVADO temporariamente. Necessita de substituição imediata das pastilhas de freio dianteiras.'),
('87664478965', 'PKL9G42', '2026-05-21', 'Alinhamento e balanceamento preventivo recomendados para a próxima parada técnica na oficina.'),
('31977128216', 'AKM8U29', '2026-05-16', 'Vistoria de rotina preventiva executada sem inconformidades técnicas ou mecânicas detectadas.'),
('31977128216', 'WLO1X91', '2026-05-22', 'Aprovado integralmente para locação de curta e longa distância. Sem avarias ou observações.'),
('31977128216', 'YVH5A54', '2026-05-13', 'REPROVADO. Sistema de suspensão avariado ou pneus desgastados.'),
('35769372367', 'EYW1V15', '2026-05-13', 'Alinhamento e balanceamento preventivo recomendados para a próxima parada técnica na oficina.');

-- 9. INSERINDO HISTÓRICO DE LOCAÇÕES
INSERT INTO fcardb.locacao (cpf_cliente, cpf_funcionario, placa_veiculo, valor_locacao, data_inicio, data_fim) VALUES
('83230130340', '24452631704', 'WAN2U96', 3368.73, '2026-04-26', '2026-05-10'),
('93247393883', '71453540792', 'AUG4W41', 2217.95, '2026-04-14', '2026-05-25'),
('45108120110', '71453540792', 'ZQI9R47', 2895.10, '2026-04-10', '2026-05-19'),
('11465576748', '60267292758', 'PIK5J89', 3357.69, '2026-04-17', '2026-05-26'),
('84592135662', '28330800294', 'XKZ2P79', 1532.63, '2026-04-20', '2026-05-25'),
('17419135523', '86503232964', 'VRM8G78', 1886.13, '2026-04-19', '2026-05-28'),
('92351820356', '83042843881', 'DYO2F33', 3072.97, '2026-04-17', '2026-05-25'),
('58586598065', '86834235604', 'XZS0I79', 3267.02, '2026-04-14', '2026-05-21'),
('97606523797', '67019822056', 'RBM6Q87', 2484.27, '2026-04-15', '2026-05-27'),
('77686115390', '76811869877', 'CMR8M54', 3245.69, '2026-04-14', '2026-05-15'),
('29961439138', '67067620049', 'ZEH1I38', 3778.52, '2026-04-28', '2026-05-14'),
('32801406172', '44429402313', 'PRD9F14', 986.51, '2026-04-27', NULL),
('70624192275', '16339393634', 'FOC0Z40', 1636.56, '2026-04-27', '2026-05-15'),
('18023907846', '59203186835', 'YHS6Z52', 3525.50, '2026-04-22', '2026-05-25'),
('26687945993', '67019822056', 'YXG7J21', 888.38, '2026-04-27', '2026-05-26'),
('30300588783', '28951080302', 'EUQ5R74', 3441.12, '2026-04-28', '2026-05-14'),
('12305069227', '86884793866', 'DFY8R01', 2727.56, '2026-04-25', NULL),
('41398012517', '90228079908', 'PRZ5P98', 1412.88, '2026-04-22', '2026-05-17'),
('32137347049', '40247529489', 'GEY9Y12', 1475.96, '2026-04-16', '2026-05-28'),
('84564482803', '22342105890', 'KRY7A78', 1308.85, '2026-04-10', '2026-05-12'),
('96742456225', '44956051895', 'ETS8P77', 2666.87, '2026-04-12', NULL),
('15619618497', '49295590424', 'DCP0R06', 1446.26, '2026-04-26', '2026-05-11'),
('25899021536', '47083275707', 'FOC0Z40', 2820.08, '2026-04-23', '2026-05-21'),
('50244071589', '65065356467', 'JSI1Q26', 1332.04, '2026-04-21', NULL),
('32137347049', '67103446579', 'WLO1X91', 1094.15, '2026-04-24', '2026-05-23'),
('19255419068', '86834235604', 'FOB7I74', 3129.57, '2026-04-23', '2026-05-23'),
('41398012517', '97639011392', 'TEO3B35', 646.97, '2026-04-16', '2026-05-19'),
('49271363513', '86503232964', 'MZD4M84', 578.10, '2026-04-28', '2026-05-22'),
('93572699943', '97870368553', 'VET0R68', 2553.88, '2026-04-18', '2026-05-23'),
('41567839299', '67103446579', 'QLM2V71', 2800.35, '2026-04-14', '2026-05-16'),
('57421030846', '62964376371', 'WDB7F26', 2260.84, '2026-04-11', NULL),
('65831884338', '79767074867', 'GGT4W52', 2054.65, '2026-04-24', '2026-05-17'),
('46082728027', '97870368553', 'KGG8N84', 1256.24, '2026-04-25', '2026-05-19'),
('20478701531', '42303527327', 'DCP0R06', 3478.44, '2026-04-17', '2026-05-10'),
('32596747212', '33454081960', 'ITE6C43', 3780.45, '2026-04-12', '2026-05-21'),
('82276952553', '92981624968', 'QKV8F97', 1854.44, '2026-04-18', '2026-05-25'),
('32596747212', '65065356467', 'GCF4E17', 2878.70, '2026-04-10', '2026-05-18'),
('12048612358', '79767074867', 'JWN3X03', 854.17, '2026-04-24', '2026-05-14'),
('92785563342', '17475567018', 'NWM8C89', 1290.71, '2026-04-23', '2026-05-21'),
('22657051510', '28951080302', 'GDM7G35', 2177.16, '2026-04-12', '2026-05-26'),
('42000950925', '76811869877', 'HPU1X89', 676.05, '2026-04-15', '2026-05-27'),
('91711858670', '52852947496', 'YAD5V56', 3109.58, '2026-04-18', '2026-05-21'),
('49824432345', '94383221797', 'XKZ2P79', 1563.12, '2026-04-14', '2026-05-10'),
('49018899720', '95859405344', 'DMN8B80', 1636.90, '2026-04-25', '2026-05-23'),
('38288299962', '17475567018', 'DAB3Y23', 1101.67, '2026-04-26', '2026-05-17'),
('11465576748', '67103446579', 'KPM2X05', 2729.30, '2026-04-26', '2026-05-27'),
('28892343988', '67067620049', 'MUG5W65', 1938.70, '2026-04-12', '2026-05-13'),
('92351820356', '31884512384', 'AND9L39', 1551.32, '2026-04-21', '2026-05-24'),
('59590865869', '95859405344', 'EXX4Q78', 3696.88, '2026-04-15', '2026-05-19'),
('77239597077', '20203319895', 'LIS7J17', 794.06, '2026-04-14', '2026-05-17'),
('92592729598', '80407650696', 'PCK5I44', 799.25, '2026-04-12', NULL),
('43546912874', '88177668081', 'WLO5P90', 3022.69, '2026-04-23', '2026-05-11'),
('74547774977', '59064406677', 'CES8H70', 3086.04, '2026-04-26', '2026-05-28'),
('20009114172', '64203312712', 'FAK3T04', 3484.43, '2026-04-11', '2026-05-12'),
('65831884338', '39022308426', 'OZW6T92', 682.94, '2026-04-13', '2026-05-16'),
('87529980074', '30218888414', 'BXP5I05', 2663.57, '2026-04-10', '2026-05-12'),
('26687945993', '33454081960', 'XKZ2P79', 1550.04, '2026-04-15', '2026-05-26'),
('77505538841', '43995209281', 'WPY4P06', 2317.31, '2026-04-13', NULL),
('99461611826', '86503232964', 'VRF1J72', 2819.55, '2026-04-19', '2026-05-27'),
('79718747672', '13106464319', 'UPJ6I66', 3525.65, '2026-04-25', NULL),
('65152392860', '76811869877', 'LIH3T76', 2673.66, '2026-04-13', '2026-05-15'),
('20495020293', '62964376371', 'VDX7H21', 1089.25, '2026-04-17', '2026-05-23'),
('43546912874', '52852947496', 'ZXW9L05', 1957.36, '2026-04-26', '2026-05-21'),
('66222751133', '67103446579', 'HET5I62', 490.10, '2026-04-20', '2026-05-25'),
('62369093687', '66254132103', 'QRG7U55', 1926.46, '2026-04-19', '2026-05-24'),
('63784039499', '90228079908', 'FPT0T88', 1352.53, '2026-04-23', '2026-05-16'),
('42051743509', '64203312712', 'WJG1A07', 1617.67, '2026-04-10', NULL),
('86516586478', '59064406677', 'AHB9E92', 1861.30, '2026-04-12', '2026-05-13'),
('64530426279', '47083275707', 'FHN2T92', 2747.88, '2026-04-13', '2026-05-15'),
('25660222785', '86876958164', 'PSR5L24', 1518.28, '2026-04-22', '2026-05-13'),
('15545916432', '84942212945', 'YLT2S81', 2071.93, '2026-04-28', '2026-05-28'),
('77258933393', '20222334493', 'GXX5X36', 1991.60, '2026-04-22', NULL),
('29778731691', '33454081960', 'FOC0Z40', 2999.60, '2026-04-13', '2026-05-13'),
('54381221630', '98884166813', 'KPO4R87', 1146.34, '2026-04-14', '2026-05-11'),
('36592676864', '24452631704', 'WJG1A07', 442.28, '2026-04-15', NULL),
('18359129661', '19475048426', 'GGT4W52', 2495.79, '2026-04-13', '2026-05-12'),
('73193442499', '24452631704', 'TIF4R34', 1046.66, '2026-04-25', '2026-05-25'),
('93118609331', '44429402313', 'RLK7X49', 1535.47, '2026-04-27', '2026-05-27'),
('45992368087', '60052188944', 'LCT6B69', 3386.43, '2026-04-13', '2026-05-22'),
('41992901998', '52852947496', 'LMH9Y42', 1876.82, '2026-04-11', '2026-05-11'),
('91691910134', '67103446579', 'ATY0I77', 3318.24, '2026-04-19', '2026-05-15'),
('86516586478', '20970290540', 'JKE6F75', 1427.99, '2026-04-22', '2026-05-25'),
('69620228624', '39138217770', 'PXW4T69', 2042.41, '2026-04-27', '2026-05-27'),
('46721356603', '64203312712', 'MDW0F34', 2289.78, '2026-04-15', '2026-05-26'),
('40584480151', '47083275707', 'XCL2K16', 2056.68, '2026-04-22', '2026-05-21'),
('97606523797', '29432087338', 'WAF5P88', 447.11, '2026-04-11', '2026-05-14'),
('78388699989', '16339393634', 'MTS3O35', 2364.69, '2026-04-20', '2026-05-22'),
('49824432345', '84942212945', 'SHI6N76', 3772.21, '2026-04-23', '2026-05-21'),
('40584480151', '45684401997', 'DRI2P30', 1159.45, '2026-04-19', '2026-05-28'),
('89816264716', '60267292758', 'WDY8L79', 744.93, '2026-04-15', '2026-05-10'),
('96742456225', '29432087338', 'TUF5O32', 1940.14, '2026-04-23', '2026-05-28'),
('41261734523', '71453540792', 'FDN7S97', 420.39, '2026-04-25', '2026-05-28'),
('43196346836', '52852947496', 'MLQ3A92', 2317.72, '2026-04-20', '2026-05-28'),
('46457966688', '98884166813', 'AMO8R31', 2733.48, '2026-04-16', NULL),
('33304991087', '22231496091', 'RBM6Q87', 2471.16, '2026-04-21', '2026-05-23'),
('97944150250', '24452631704', 'HBN0Y46', 3273.30, '2026-04-12', NULL),
('43111329404', '60883050432', 'YVH5A54', 1264.79, '2026-04-19', '2026-05-28'),
('68307441616', '22342105890', 'NYE9U25', 2912.96, '2026-04-12', '2026-05-28'),
('30951395781', '97639011392', 'QZQ7O04', 1293.11, '2026-04-28', '2026-05-26'),
('49271363513', '84942212945', 'PCK5I44', 1548.24, '2026-04-12', NULL),
('65831884338', '38812217088', 'QMN3T46', 1843.54, '2026-04-27', '2026-05-20'),
('40432475943', '71453540792', 'FHN2T92', 1216.86, '2026-04-26', '2026-05-24'),
('50398859778', '76811869877', 'WLO5P90', 2516.06, '2026-04-26', '2026-05-15'),
('72360059151', '24452631704', 'UPJ6I66', 2629.78, '2026-04-24', '2026-05-27'),
('97647000122', '20970290540', 'QKV8F97', 2856.82, '2026-04-11', '2026-05-26'),
('40432475943', '86876958164', 'QLM2V71', 859.72, '2026-04-14', '2026-05-19'),
('87659459681', '28330800294', 'YXG7J21', 3317.64, '2026-04-12', '2026-05-16'),
('99159880563', '62527530019', 'KRY9T75', 2578.85, '2026-04-18', '2026-05-17'),
('66879611145', '43995209281', 'GUZ3Q80', 867.37, '2026-04-10', '2026-05-17'),
('96486808262', '94154757678', 'CFK5H54', 2281.40, '2026-04-23', '2026-05-23'),
('80729735682', '30218888414', 'FUJ7C14', 1290.86, '2026-04-10', '2026-05-18'),
('63176982868', '90228079908', 'ZWT8S61', 2572.81, '2026-04-11', NULL),
('56199584202', '31884512384', 'JCQ2G85', 3315.56, '2026-04-12', '2026-05-20'),
('87832856621', '59203186835', 'EXY1I05', 3456.98, '2026-04-23', '2026-05-21'),
('28318896303', '47083275707', 'PAC1P57', 3257.49, '2026-04-17', '2026-05-13'),
('46721356603', '38812217088', 'YSH1F33', 2150.75, '2026-04-28', '2026-05-26'),
('54381221630', '24452631704', 'ZMW5X57', 1171.37, '2026-04-13', '2026-05-20'),
('62122280206', '79767074867', 'VTY5M70', 1695.33, '2026-04-17', NULL),
('75645737553', '45025979612', 'ZKD7B02', 954.28, '2026-04-18', '2026-05-24'),
('79209217424', '39696823387', 'EEK7C90', 542.94, '2026-04-27', '2026-05-21'),
('43546912874', '52852947496', 'XFA5T93', 1812.05, '2026-04-17', '2026-05-18'),
('26687945993', '86876958164', 'MDW0F34', 2819.07, '2026-04-19', '2026-05-10'),
('74098133303', '60052188944', 'SYU0Z22', 2634.67, '2026-04-11', '2026-05-17'),
('50782728919', '90228079908', 'POB5B18', 1416.98, '2026-04-21', '2026-05-13'),
('18023907846', '43995209281', 'FNQ8D18', 1690.23, '2026-04-22', '2026-05-18'),
('65831884338', '29127346101', 'ROM3L26', 1162.34, '2026-04-16', '2026-05-15'),
('20850776779', '52852947496', 'KRY7A78', 2573.28, '2026-04-11', '2026-05-18'),
('19388046742', '98884166813', 'MGE2Z70', 2892.45, '2026-04-20', '2026-05-23'),
('52964901582', '17475567018', 'LZB3Y17', 1250.35, '2026-04-12', '2026-05-21'),
('57488981174', '86759566730', 'HTH2R76', 3156.33, '2026-04-20', NULL),
('77239597077', '70787469138', 'QDO0O38', 2563.49, '2026-04-24', '2026-05-14'),
('20932266036', '20222334493', 'MBF3S33', 2517.62, '2026-04-20', '2026-05-28'),
('88366898196', '67067620049', 'NCJ9V73', 1211.13, '2026-04-14', NULL),
('27621411274', '52852947496', 'PKL9G42', 2000.36, '2026-04-14', '2026-05-28'),
('18359129661', '86834235604', 'PSR5L24', 641.18, '2026-04-21', '2026-05-15'),
('15619618497', '62964376371', 'XBJ0T82', 1124.48, '2026-04-10', '2026-05-27'),
('77505538841', '13904100195', 'CSS6B23', 3710.74, '2026-04-16', '2026-05-18'),
('68595163582', '70787469138', 'FHN2T92', 2482.11, '2026-04-18', '2026-05-14'),
('93572699943', '65065356467', 'DYO2F33', 3617.99, '2026-04-13', '2026-05-10'),
('84564482803', '20970290540', 'VJZ9X04', 3523.96, '2026-04-24', NULL),
('65359923040', '20203319895', 'PGQ6D84', 2811.79, '2026-04-16', NULL),
('47389458254', '86834235604', 'AHN9W65', 2054.88, '2026-04-14', '2026-05-23'),
('85047082355', '68378068049', 'KXW8H75', 3783.47, '2026-04-19', NULL),
('11465576748', '71453540792', 'NIM7U99', 1759.41, '2026-04-14', '2026-05-18'),
('89994015016', '57735263290', 'WIH1J65', 3480.28, '2026-04-21', NULL),
('19814270928', '38691649586', 'SLR9I82', 1967.64, '2026-04-20', '2026-05-22'),
('93857676819', '66254132103', 'RKY1O42', 1810.35, '2026-04-18', '2026-05-12'),
('30951395781', '67103446579', 'OTT4B21', 529.79, '2026-04-17', NULL),
('20495020293', '86759566730', 'CYN1R47', 3686.87, '2026-04-11', '2026-05-10'),
('50782728919', '38812217088', 'NHS6E49', 1664.23, '2026-04-22', NULL),
('92351820356', '67103446579', 'ZEH1I38', 2352.68, '2026-04-18', '2026-05-15'),
('33304991087', '24452631704', 'DFY8R01', 3378.74, '2026-04-14', '2026-05-26'),
('64453224650', '45025979612', 'DYB2A25', 753.11, '2026-04-11', '2026-05-14'),
('20413146764', '33454081960', 'AHN9W65', 1594.04, '2026-04-23', '2026-05-19'),
('34523330506', '80821794414', 'BSP5W19', 3547.17, '2026-04-26', '2026-05-20'),
('22618623378', '41307148147', 'WVB6M65', 2892.20, '2026-04-25', '2026-05-14'),
('48872053743', '86884793866', 'NWM8C89', 1001.77, '2026-04-11', '2026-05-17'),
('52644245686', '60052188944', 'OFS9E31', 1247.77, '2026-04-24', '2026-05-23'),
('62369093687', '24452631704', 'GCD1E96', 1873.24, '2026-04-27', '2026-05-25'),
('19814270928', '24452631704', 'PNR0P14', 3268.14, '2026-04-14', '2026-05-13'),
('74697489125', '29127346101', 'HIT4Z46', 3345.20, '2026-04-15', '2026-05-15'),
('99243043984', '62527530019', 'YUS7L61', 3423.59, '2026-04-28', '2026-05-16'),
('54531757703', '97870368553', 'KFU0X88', 2995.62, '2026-04-15', '2026-05-23'),
('87560595158', '45684401997', 'NLZ4J20', 2068.48, '2026-04-13', '2026-05-20'),
('46082728027', '86834235604', 'ZTN0N55', 3735.60, '2026-04-13', NULL),
('70210877534', '59064406677', 'AKO2W02', 880.53, '2026-04-12', '2026-05-24'),
('82814314336', '67019822056', 'XUX2I31', 3645.45, '2026-04-10', '2026-05-20'),
('83708291861', '57735263290', 'PKL9G42', 1470.96, '2026-04-28', '2026-05-11'),
('30282741795', '29432087338', 'JCQ2G85', 2916.11, '2026-04-27', '2026-05-22'),
('92903679846', '20222334493', 'KHA1A19', 964.14, '2026-04-22', '2026-05-12'),
('47238118820', '62115531526', 'FOB7I74', 1690.34, '2026-04-22', '2026-05-19'),
('82059564729', '20203319895', 'WSF2X16', 2043.42, '2026-04-23', '2026-05-19'),
('87832856621', '80407650696', 'FHT3I12', 2646.05, '2026-04-21', '2026-05-26'),
('40432475943', '98884166813', 'YHY7K79', 3404.67, '2026-04-25', '2026-05-18'),
('14503952399', '68378068049', 'RRP4I95', 661.27, '2026-04-23', NULL),
('97647000122', '76811869877', 'BZT8Q39', 2525.87, '2026-04-12', '2026-05-11'),
('87639631734', '22231496091', 'WAA3V69', 2683.72, '2026-04-14', '2026-05-25'),
('84564482803', '86503232964', 'YVM4X13', 1352.93, '2026-04-23', '2026-05-12'),
('33263980703', '59203186835', 'CKF2M18', 3745.44, '2026-04-19', '2026-05-17'),
('50983313929', '84942212945', 'AQX8B69', 2311.45, '2026-04-27', '2026-05-11');

COMMIT;